user_code,cibyl_score,cibyl_label,claim_probability,panel_completeness_pct,model_confidence_pct,confidence_band,scored
4f4b7d343339356e79,819.0,Excellent,0.0111731843575419,54.8,50.6,MEDIUM,True
4f4b7d373434336a75,831.0,Excellent,0.0,56.7,45.6,MEDIUM,True
4f4b7d33363330,485.0,Watchful,0.02926829268292683,54.8,50.2,MEDIUM,True
333465303334,450.0,Watchful,0.0370722433460076,54.8,38.4,MEDIUM,True
4f4b7d33363330,461.0,Watchful,0.02926829268292683,54.8,53.9,MEDIUM,True
4f4b7d33363330,519.0,Watchful,0.02926829268292683,54.8,53.9,MEDIUM,True
4f4b7d343339356e79,641.0,Fair,0.0111731843575419,54.8,54.3,MEDIUM,True
4f4b7d33363330,460.0,Watchful,0.02926829268292683,54.8,53.9,MEDIUM,True
343360343030,671.0,Fair,0.34426229508196715,54.8,50.2,MEDIUM,True
343b68363d33,811.0,Excellent,0.054388133498145856,54.8,50.2,MEDIUM,True
343360343030,328.0,Watchful,0.2533783783783784,54.8,53.9,MEDIUM,True
4f4b7d363338326a,936.0,Excellent,0.0,80.0,53.2,HIGH,True
4f4b7d363338326a,895.0,Excellent,0.0,80.0,56.8,HIGH,True
4f4d62283432356a74,845.0,Excellent,0.0,56.7,50.2,MEDIUM,True
4f4b7d34363934,852.0,Excellent,0.02926829268292683,56.7,50.2,MEDIUM,True
4f4b7d33373834,939.0,Excellent,0.0,54.8,50.2,MEDIUM,True
343760323238,925.0,Excellent,0.0,56.7,50.2,MEDIUM,True
4f4d62283432326579,937.0,Excellent,0.0,56.7,50.2,MEDIUM,True
333460313c38,578.0,Watchful,0.10218978102189781,56.7,50.2,MEDIUM,True
343760323238,850.0,Excellent,0.0,56.7,53.9,MEDIUM,True
4f4d62283d39306b,472.0,Watchful,0.029661016949152543,54.8,50.2,MEDIUM,True
4f4d61283d31306a,815.0,Excellent,0.03361344537815126,54.8,50.2,MEDIUM,True
4f4b61283c313668,815.0,Excellent,0.08565866320571058,56.7,50.2,MEDIUM,True
4f4b7d33373834,975.0,Excellent,0.0,54.8,53.9,MEDIUM,True
4f4b7d33363934,713.0,Fair,0.08565866320571058,80.0,51.2,HIGH,True
333460313c38,433.0,Watchful,0.09363295880149813,56.7,53.9,MEDIUM,True
4f4d62283d39306b,398.0,Watchful,0.02926829268292683,54.8,53.9,MEDIUM,True
4f4b7d3435373b6a7f,942.0,Excellent,0.02926829268292683,54.8,50.2,MEDIUM,True
353064333536,786.0,Excellent,0.08565866320571058,96.8,57.5,HIGH,True
4f4b7d373c38346e,469.0,Watchful,0.08565866320571058,54.8,50.2,MEDIUM,True
4f4b7d373c38346e,455.0,Watchful,0.08565866320571058,54.8,53.9,MEDIUM,True
4f4d61283d383a69,837.0,Excellent,0.0370722433460076,56.7,38.4,MEDIUM,True
4f4b7d343335356b7b,673.0,Fair,0.03361344537815126,56.7,49.8,MEDIUM,True
4f4b7d343335356b7b,604.0,Fair,0.029661016949152543,56.7,53.4,MEDIUM,True
4f4b7d3435373b6a7f,977.0,Excellent,0.0111731843575419,54.8,53.9,MEDIUM,True
4f4d62283432326579,960.0,Excellent,0.0,56.7,53.9,MEDIUM,True
3332663c3733,725.0,Fair,0.0111731843575419,54.8,50.2,MEDIUM,True
4f4b7d3636343168,810.0,Excellent,0.02926829268292683,54.8,50.2,MEDIUM,True
4f4b7d3636343168,670.0,Fair,0.0111731843575419,54.8,53.9,MEDIUM,True
3332663c3733,413.0,Watchful,0.0111731843575419,54.8,53.9,MEDIUM,True
343562373c39,657.0,Fair,0.34426229508196715,54.8,50.2,MEDIUM,True
4f40623537332c6d7f33,791.0,Excellent,0.054388133498145856,54.8,50.2,MEDIUM,True
4f4b7d33363331,540.0,Watchful,0.53125,54.8,38.4,MEDIUM,True
4f4161283131366c7b,693.0,Fair,0.5590551181102362,56.7,50.6,MEDIUM,True
4f4161283738306d7f,758.0,Excellent,0.15286624203821655,56.7,50.1,MEDIUM,True
363768353531,736.0,Fair,0.03361344537815126,56.7,50.2,MEDIUM,True
353564313435,805.0,Excellent,0.08565866320571058,54.8,50.6,MEDIUM,True
353564313435,374.0,Watchful,0.08565866320571058,54.8,54.3,MEDIUM,True
4f4161283733346d7c,805.0,Excellent,0.029661016949152543,54.8,50.6,MEDIUM,True
4f4b7d33363730,664.0,Fair,0.2533783783783784,54.8,50.6,MEDIUM,True
363366323732,466.0,Watchful,0.02926829268292683,56.7,50.2,MEDIUM,True
363768353531,454.0,Watchful,0.0111731843575419,56.7,53.9,MEDIUM,True
4f40623537332c6d7f33,695.0,Fair,0.0370722433460076,54.8,53.9,MEDIUM,True
4f4161283738306d7f,703.0,Fair,0.08565866320571058,56.7,53.8,MEDIUM,True
4f4161283131366c7b,399.0,Watchful,0.5409836065573771,56.7,54.3,MEDIUM,True
353064333536,571.0,Watchful,0.08565866320571058,96.8,61.2,HIGH,True
4f4b7d3435373b6a7f,977.0,Excellent,0.0111731843575419,54.8,53.9,MEDIUM,True
4f4e612837343a64,760.0,Excellent,0.029661016949152543,54.8,50.6,MEDIUM,True
4f4d64283139376e,834.0,Excellent,0.03361344537815126,56.7,50.6,MEDIUM,True
3533613d3530,763.0,Excellent,0.13333333333333333,77.4,52.9,MEDIUM,True
343163373c36,793.0,Excellent,0.1948529411764706,77.4,52.9,MEDIUM,True
4f4d62283435346c75,834.0,Excellent,0.0,54.8,50.2,MEDIUM,True
36306035343233697e,791.0,Excellent,0.029661016949152543,54.8,50.6,MEDIUM,True
4f4b7d33363331,436.0,Watchful,0.5590551181102362,54.8,42.0,MEDIUM,True
363366323732,500.0,Watchful,0.0,56.7,53.9,MEDIUM,True
4f4b7d34363934,752.0,Excellent,0.0,56.7,53.9,MEDIUM,True
333769343d37,756.0,Excellent,0.0111731843575419,56.7,50.2,MEDIUM,True
4f4f61283631346a,915.0,Excellent,0.0111731843575419,56.7,49.7,MEDIUM,True
313360353636,925.0,Excellent,0.0,56.7,50.2,MEDIUM,True
4f4d612837343b6474,703.0,Fair,0.0111731843575419,54.8,50.2,MEDIUM,True
4f4e612837343a64,776.0,Excellent,0.0111731843575419,54.8,54.3,MEDIUM,True
4f4e612837343a64,772.0,Excellent,0.0111731843575419,54.8,54.3,MEDIUM,True
4f4e612837343a64,772.0,Excellent,0.0111731843575419,54.8,54.3,MEDIUM,True
3533613d3530,684.0,Fair,0.08565866320571058,77.4,56.5,MEDIUM,True
36306035343233697e,792.0,Excellent,0.02926829268292683,54.8,54.3,MEDIUM,True
36306035343233697e,792.0,Excellent,0.02926829268292683,54.8,54.3,MEDIUM,True
4f4b7d33363730,318.0,Watchful,0.2533783783783784,54.8,54.3,MEDIUM,True
4f4f61283631346a,848.0,Excellent,0.0111731843575419,56.7,53.3,MEDIUM,True
4f4b7d34363730697b,437.0,Watchful,0.0,54.8,50.2,MEDIUM,True
4f4f6128343232687a,741.0,Fair,0.02926829268292683,56.7,38.4,MEDIUM,True
343163373c36,539.0,Watchful,0.2251655629139073,77.4,56.5,MEDIUM,True
353368313330,767.0,Excellent,0.0370722433460076,56.7,38.4,MEDIUM,True
4f4b7d33363131,595.0,Watchful,0.0370722433460076,54.8,38.4,MEDIUM,True
4f4b7d34303530,630.0,Fair,0.0,54.8,50.2,MEDIUM,True
4f4b7d34363637,768.0,Excellent,0.03361344537815126,56.7,50.2,MEDIUM,True
353467343330,693.0,Fair,0.054388133498145856,54.8,50.2,MEDIUM,True
4f4b61283436306e7e,732.0,Fair,0.0370722433460076,54.8,50.2,MEDIUM,True
353368313330,779.0,Excellent,0.0111731843575419,56.7,42.0,MEDIUM,True
4f40632836333a6d,754.0,Excellent,0.0111731843575419,56.7,50.6,MEDIUM,True
4f406128313233647c,830.0,Excellent,0.0,56.7,50.6,MEDIUM,True
4f4b7d34303530,486.0,Watchful,0.0,54.8,53.9,MEDIUM,True
4f4b7d34303530,486.0,Watchful,0.0,54.8,53.9,MEDIUM,True
4f4b7d34303530,486.0,Watchful,0.0,54.8,53.9,MEDIUM,True
333769343d37,725.0,Fair,0.0111731843575419,56.7,53.9,MEDIUM,True
4f4b7d34363637,701.0,Fair,0.0,56.7,53.9,MEDIUM,True
343463373437,841.0,Excellent,0.0111731843575419,56.7,38.4,MEDIUM,True
4f416128373433647d,937.0,Excellent,0.0,56.7,50.6,MEDIUM,True
4f4161283432346f75,790.0,Excellent,0.0370722433460076,56.7,45.6,MEDIUM,True
4f4161283432346f75,731.0,Fair,0.0111731843575419,56.7,49.3,MEDIUM,True
343562373c39,507.0,Watchful,0.2533783783783784,54.8,53.9,MEDIUM,True
343463373437,864.0,Excellent,0.0,56.7,42.0,MEDIUM,True
343463373437,864.0,Excellent,0.0,56.7,42.0,MEDIUM,True
313360353636,793.0,Excellent,0.0,56.7,53.9,MEDIUM,True
313360353636,793.0,Excellent,0.0,56.7,53.9,MEDIUM,True
4f4b7d34363730697b,394.0,Watchful,0.0,54.8,53.9,MEDIUM,True
3f336530,805.0,Excellent,0.0370722433460076,54.8,50.2,MEDIUM,True
4f4b7d3337343b,822.0,Excellent,0.029661016949152543,54.8,50.2,MEDIUM,True
333262343c30,598.0,Watchful,0.08565866320571058,54.8,38.4,MEDIUM,True
3f336530,698.0,Fair,0.03361344537815126,54.8,53.9,MEDIUM,True
4f416128373433647d,957.0,Excellent,0.0,56.7,54.3,MEDIUM,True
4f4d61283d383a69,615.0,Fair,0.0370722433460076,56.7,42.0,MEDIUM,True
333262343c30,472.0,Watchful,0.08565866320571058,54.8,42.0,MEDIUM,True
4f4d62283435346c75,602.0,Fair,0.0,54.8,53.9,MEDIUM,True
4f4b61283436306e7e,578.0,Watchful,0.0370722433460076,54.8,53.9,MEDIUM,True
4f4b7d33363131,371.0,Watchful,0.0370722433460076,54.8,42.0,MEDIUM,True
4f4d62283432356a74,845.0,Excellent,0.0,56.7,53.9,MEDIUM,True
4f4d62283432356a74,845.0,Excellent,0.0,56.7,53.9,MEDIUM,True
4f4b7d3d34333369,697.0,Fair,0.0370722433460076,54.8,50.5,MEDIUM,True
4f4d61283730326c7b,574.0,Watchful,0.08565866320571058,77.4,52.9,MEDIUM,True
333066353d39,799.0,Excellent,0.0370722433460076,83.9,52.0,HIGH,True
4f4b7d343338306b7e,686.0,Fair,0.0,86.7,52.0,HIGH,True
4f4b7d343734356e74,790.0,Excellent,0.0111731843575419,83.9,52.0,HIGH,True
4f4b7d3337343b,738.0,Fair,0.02926829268292683,54.8,53.9,MEDIUM,True
4f4b7d3337343b,738.0,Fair,0.02926829268292683,54.8,53.9,MEDIUM,True
4f4b7d3337343b,738.0,Fair,0.02926829268292683,54.8,53.9,MEDIUM,True
333066353d39,733.0,Fair,0.03361344537815126,83.9,55.7,HIGH,True
333066353d39,733.0,Fair,0.03361344537815126,83.9,55.7,HIGH,True
4f4d6128313834657a,820.0,Excellent,0.02926829268292683,83.9,52.0,HIGH,True
353164353638,763.0,Excellent,0.15286624203821655,96.8,56.7,HIGH,True
353161373735,767.0,Excellent,0.08565866320571058,93.3,53.5,HIGH,True
4f4b7d343734356e74,798.0,Excellent,0.0111731843575419,83.9,55.7,HIGH,True
4f4b7d343338306b7e,592.0,Watchful,0.0,86.7,55.7,HIGH,True
4f4d6128343632687f,833.0,Excellent,0.0,86.7,52.0,HIGH,True
3532613c3c31,795.0,Excellent,0.0370722433460076,93.5,53.5,HIGH,True
363a663c3432,777.0,Excellent,0.10218978102189781,96.8,57.5,HIGH,True
4f4d6128313834657a,533.0,Watchful,0.02926829268292683,83.9,55.7,HIGH,True
4f4d6128313834657a,533.0,Watchful,0.02926829268292683,83.9,55.7,HIGH,True
4f4d6128313834657a,533.0,Watchful,0.02926829268292683,83.9,55.7,HIGH,True
3532613c3c31,770.0,Excellent,0.03361344537815126,93.5,57.2,HIGH,True
3532613c3c31,770.0,Excellent,0.03361344537815126,93.5,57.2,HIGH,True
4f4d61283432366978,747.0,Fair,0.08565866320571058,96.8,53.3,HIGH,True
4f4d6128373532657d,698.0,Fair,0.0111731843575419,83.9,52.0,HIGH,True
4f40632837333b6c,698.0,Fair,0.0370722433460076,86.7,52.0,HIGH,True
4f4b7d373d32366d7d,778.0,Excellent,0.0,83.9,52.0,HIGH,True
4f4b7d373d32366d7d,800.0,Excellent,0.0,83.9,55.7,HIGH,True
4f4b7d373d32366d7d,800.0,Excellent,0.0,83.9,55.7,HIGH,True
353161373735,691.0,Fair,0.054388133498145856,93.3,57.2,HIGH,True
343b68363d33,713.0,Fair,0.0370722433460076,54.8,53.9,MEDIUM,True
343b68363d33,713.0,Fair,0.0370722433460076,54.8,53.9,MEDIUM,True
343b68363d33,713.0,Fair,0.0370722433460076,54.8,53.9,MEDIUM,True
343b68363d33,713.0,Fair,0.0370722433460076,54.8,53.9,MEDIUM,True
343b68363d33,532.0,Watchful,0.08565866320571058,54.8,53.9,MEDIUM,True
343b68363d33,512.0,Watchful,0.08565866320571058,54.8,53.9,MEDIUM,True
343b68363d33,430.0,Watchful,0.08565866320571058,54.8,53.9,MEDIUM,True
343b68363d33,430.0,Watchful,0.08565866320571058,54.8,53.9,MEDIUM,True
343b68363d33,430.0,Watchful,0.08565866320571058,54.8,53.9,MEDIUM,True
343b68363d33,748.0,Fair,0.029661016949152543,54.8,53.9,MEDIUM,True
343b68363d33,455.0,Watchful,0.08565866320571058,54.8,53.9,MEDIUM,True
343b68363d33,455.0,Watchful,0.08565866320571058,54.8,53.9,MEDIUM,True
343b68363d33,455.0,Watchful,0.08565866320571058,54.8,53.9,MEDIUM,True
4f4b612837313a6a78,712.0,Fair,0.1331168831168831,83.9,52.0,HIGH,True
333465353031,808.0,Excellent,0.08565866320571058,83.9,52.0,HIGH,True
4f4b612837313a6a78,663.0,Fair,0.10218978102189781,83.9,55.7,HIGH,True
333465353031,763.0,Excellent,0.054388133498145856,83.9,55.7,HIGH,True
333465353031,763.0,Excellent,0.054388133498145856,83.9,55.7,HIGH,True
333465353031,763.0,Excellent,0.054388133498145856,83.9,55.7,HIGH,True
333465353031,763.0,Excellent,0.054388133498145856,83.9,55.7,HIGH,True
363a663c3432,493.0,Watchful,0.08565866320571058,96.8,61.2,HIGH,True
4f4b7d363136356c7f,892.0,Excellent,0.08565866320571058,77.4,51.6,MEDIUM,True
333467303337,705.0,Fair,0.08565866320571058,93.5,53.5,HIGH,True
4f4d6128343632687f,658.0,Fair,0.0,86.7,55.7,HIGH,True
4f4d6128343632687f,658.0,Fair,0.0,86.7,55.7,HIGH,True
333467303337,484.0,Watchful,0.08565866320571058,93.5,57.2,HIGH,True
333467303337,484.0,Watchful,0.08565866320571058,93.5,57.2,HIGH,True
4f4b7d34333435687a,662.0,Fair,0.1948529411764706,83.9,52.0,HIGH,True
4f4b7d34333435687a,377.0,Watchful,0.15286624203821655,83.9,55.7,HIGH,True
4f4b7d34333435687a,377.0,Watchful,0.15286624203821655,83.9,55.7,HIGH,True
4f4b7d34333435687a,377.0,Watchful,0.15286624203821655,83.9,55.7,HIGH,True
4f4b7d34333435687a,542.0,Watchful,0.15286624203821655,83.9,55.7,HIGH,True
4f40632837333b6c,524.0,Watchful,0.0370722433460076,86.7,55.7,HIGH,True
4f4d61283134376f78,800.0,Excellent,0.03361344537815126,74.2,53.1,MEDIUM,True
4f4061283137336b7f,831.0,Excellent,0.0370722433460076,86.7,52.0,HIGH,True
4f4b7d3631363a6a7f,785.0,Excellent,0.054388133498145856,83.9,52.0,HIGH,True
4f4b7d3631363a6a7f,673.0,Fair,0.0370722433460076,83.9,55.7,HIGH,True
4f4b7d3631363a6a7f,673.0,Fair,0.0370722433460076,83.9,55.7,HIGH,True
4f4d61283134376f78,721.0,Fair,0.029661016949152543,74.2,56.7,MEDIUM,True
4f4b7d363138376c7f,838.0,Excellent,0.0,86.7,52.0,HIGH,True
4f4b7d3730343a6479,693.0,Fair,0.029661016949152543,83.9,52.0,HIGH,True
4f4b7d3132393064,706.0,Fair,0.2533783783783784,96.7,57.5,HIGH,True
4f4b7d3730343a6479,671.0,Fair,0.0111731843575419,83.9,55.7,HIGH,True
4f4b7d363138376c7f,768.0,Excellent,0.0,86.7,55.7,HIGH,True
333064353334,754.0,Excellent,0.15286624203821655,74.2,53.1,MEDIUM,True
333461353c35,690.0,Fair,0.0111731843575419,54.8,47.9,MEDIUM,True
4f4161283431376e75,484.0,Watchful,0.054388133498145856,77.4,52.9,MEDIUM,True
4f41612837363a6a78,824.0,Excellent,0.03361344537815126,54.8,50.6,MEDIUM,True
4f41612836333a6e74,905.0,Excellent,0.02926829268292683,74.2,53.0,MEDIUM,True
4f4061283432376b75,785.0,Excellent,0.054388133498145856,96.8,57.4,HIGH,True
4f4061283738346d7d,458.0,Watchful,0.1948529411764706,77.4,52.9,MEDIUM,True
4f4161283431376e75,499.0,Watchful,0.054388133498145856,77.4,56.5,MEDIUM,True
4f4161283431376e75,499.0,Watchful,0.054388133498145856,77.4,56.5,MEDIUM,True
4f4b7d3431373669,936.0,Excellent,0.0111731843575419,86.7,52.0,HIGH,True
4f4b7d34303137697a,894.0,Excellent,0.0111731843575419,77.4,53.2,MEDIUM,True
4f4b7d3433383b6b7b,913.0,Excellent,0.0111731843575419,54.8,50.6,MEDIUM,True
4f4b7d3736303b6a,792.0,Excellent,0.054388133498145856,74.2,53.1,MEDIUM,True
4f4b7d37313730697e,888.0,Excellent,0.054388133498145856,77.4,50.8,MEDIUM,True
4f4b7d37313730697e,482.0,Watchful,0.0370722433460076,77.4,54.5,MEDIUM,True
4f4b7d37313730697e,482.0,Watchful,0.0370722433460076,77.4,54.5,MEDIUM,True
4f4b7d34303137697a,538.0,Watchful,0.0111731843575419,54.8,53.9,MEDIUM,True
4f4061283634336a7c,686.0,Fair,0.2533783783783784,77.4,52.9,MEDIUM,True
4f4061283133346f,719.0,Fair,0.15286624203821655,83.9,52.0,HIGH,True
4f4061283033326f7e,820.0,Excellent,0.0370722433460076,54.8,50.6,MEDIUM,True
4f4b7d34353133697a,771.0,Excellent,0.08565866320571058,83.9,52.0,HIGH,True
4f4b7d343439326874,834.0,Excellent,0.0370722433460076,56.7,50.6,MEDIUM,True
4f4b7d343333376e7b,639.0,Fair,0.0111731843575419,56.7,50.6,MEDIUM,True
4f4b7d343230336a78,813.0,Excellent,0.054388133498145856,54.8,50.6,MEDIUM,True
4f4061283033326f7e,766.0,Excellent,0.03361344537815126,54.8,54.3,MEDIUM,True
4f4061283033326f7e,766.0,Excellent,0.03361344537815126,54.8,54.3,MEDIUM,True
4f53612831333a6b,703.0,Fair,0.0370722433460076,54.8,46.4,MEDIUM,True
4f55612831363669,705.0,Fair,0.09363295880149813,83.9,52.0,HIGH,True
363b66373639,781.0,Excellent,0.08565866320571058,77.4,52.9,MEDIUM,True
3537663d3738,935.0,Excellent,0.0111731843575419,56.7,50.6,MEDIUM,True
353a61363633,765.0,Excellent,0.08565866320571058,93.5,53.5,HIGH,True
333363373c37,689.0,Fair,0.2533783783783784,77.4,52.9,MEDIUM,True
353765333133,697.0,Fair,0.17346938775510204,77.4,52.9,MEDIUM,True
343363333330,764.0,Excellent,0.15286624203821655,76.7,52.8,MEDIUM,True
343265353136,770.0,Excellent,0.15903614457831325,77.4,52.9,MEDIUM,True
343264333537,429.0,Watchful,0.0370722433460076,77.4,52.9,MEDIUM,True
343669343132,788.0,Excellent,0.15286624203821655,77.4,52.9,MEDIUM,True
343667303439,851.0,Excellent,0.029661016949152543,56.7,50.6,MEDIUM,True
343a653d3030,821.0,Excellent,0.03361344537815126,54.8,50.6,MEDIUM,True
3333663c3334,794.0,Excellent,0.03361344537815126,54.8,50.6,MEDIUM,True
4f4161283637316e7c,787.0,Excellent,0.08565866320571058,54.8,50.6,MEDIUM,True
4f4161283139356b,810.0,Excellent,0.0111731843575419,93.3,53.5,HIGH,True
4f4161283334356e,692.0,Fair,0.08565866320571058,77.4,52.9,MEDIUM,True
4f40612836393b6c74,850.0,Excellent,0.0,56.7,50.6,MEDIUM,True
4f4061283132376e78,726.0,Fair,0.03361344537815126,54.8,50.6,MEDIUM,True
4f406128313531697e,817.0,Excellent,0.054388133498145856,83.9,52.0,HIGH,True
4f4b7d34353534687d,824.0,Excellent,0.02926829268292683,54.8,49.8,MEDIUM,True
4f4b7d343430336a,846.0,Excellent,0.0,56.7,50.6,MEDIUM,True
4f4b7d343730366f7a,750.0,Excellent,0.1331168831168831,54.8,50.6,MEDIUM,True
4f4b7d3437383a6c7f,823.0,Excellent,0.0370722433460076,54.8,50.6,MEDIUM,True
4f4b7d343632326f7a,808.0,Excellent,0.08565866320571058,54.8,50.2,MEDIUM,True
4f4b7d343739316d75,697.0,Fair,0.08565866320571058,54.8,50.6,MEDIUM,True
4f55612831363669,519.0,Watchful,0.08565866320571058,54.8,54.3,MEDIUM,True
4f416128343436647a,793.0,Excellent,0.0370722433460076,54.8,50.6,MEDIUM,True
4f4161283436366879,825.0,Excellent,0.0111731843575419,54.8,50.6,MEDIUM,True
4f41612837373a6d7e,667.0,Fair,0.34426229508196715,96.8,57.5,HIGH,True
4f4161283633326a7b,794.0,Excellent,0.0370722433460076,54.8,50.6,MEDIUM,True
4f41612836333a6574,437.0,Watchful,0.2251655629139073,54.8,50.6,MEDIUM,True
4f40612834313a697e,823.0,Excellent,0.08565866320571058,54.8,50.1,MEDIUM,True
4f40612834303b6479,820.0,Excellent,0.0,83.9,52.0,HIGH,True
4f4061283730366f74,802.0,Excellent,0.0111731843575419,54.8,50.6,MEDIUM,True
4f4061283733336d75,820.0,Excellent,0.054388133498145856,83.9,52.0,HIGH,True
4f4061283738316f78,917.0,Excellent,0.0,54.8,50.6,MEDIUM,True
4f4061283633326b7d,839.0,Excellent,0.0,86.7,52.0,HIGH,True
4f4061283031316b74,829.0,Excellent,0.02926829268292683,86.7,52.0,HIGH,True
4f4d642833323569,696.0,Fair,0.054388133498145856,83.9,52.0,HIGH,True
4f4d642833353a68,738.0,Fair,0.0,86.7,52.0,HIGH,True
4f4d642832323765,928.0,Excellent,0.0,86.7,51.6,HIGH,True
4f55612836333b6c,716.0,Fair,0.0370722433460076,83.9,50.8,HIGH,True
353266343432,780.0,Excellent,0.02926829268292683,96.8,57.5,HIGH,True
3433683c3634,631.0,Fair,0.35185185185185186,74.2,53.1,MEDIUM,True
353467333d32,691.0,Fair,0.09363295880149813,77.4,52.9,MEDIUM,True
353a63313135,725.0,Fair,0.09363295880149813,54.8,50.2,MEDIUM,True
343a62363437,951.0,Excellent,0.0,56.7,45.6,MEDIUM,True
4f41612836333a6e7e,823.0,Excellent,0.029661016949152543,83.9,52.0,HIGH,True
343566323c36,495.0,Watchful,0.054388133498145856,54.8,50.2,MEDIUM,True
333764373737,888.0,Excellent,0.0370722433460076,83.9,52.0,HIGH,True
333667313434,813.0,Excellent,0.0111731843575419,83.9,52.0,HIGH,True
4f40612834303b6479,747.0,Fair,0.0,54.8,54.3,MEDIUM,True
4f4b7d343333376e7b,565.0,Watchful,0.0,56.7,54.2,MEDIUM,True
353a61363633,535.0,Watchful,0.08565866320571058,54.8,54.3,MEDIUM,True
363b66373639,583.0,Watchful,0.08565866320571058,77.4,56.5,MEDIUM,True
4f4061283031316b74,597.0,Watchful,0.0111731843575419,56.7,54.1,MEDIUM,True
4f40612836393b6c74,788.0,Excellent,0.0,56.7,54.3,MEDIUM,True
4f40612836393b6c74,788.0,Excellent,0.0,56.7,54.3,MEDIUM,True
4f4b7d34353133697a,667.0,Fair,0.054388133498145856,54.8,54.3,MEDIUM,True
3433683c3634,492.0,Watchful,0.34426229508196715,74.2,56.7,MEDIUM,True
4f4061283738316f78,933.0,Excellent,0.0,54.8,54.3,MEDIUM,True
4f4061283738316f78,933.0,Excellent,0.0,54.8,54.3,MEDIUM,True
4f4061283137336b7f,567.0,Watchful,0.0370722433460076,86.7,55.7,HIGH,True
4f4061283730366f74,752.0,Excellent,0.0111731843575419,54.8,54.3,MEDIUM,True
4f4061283730366f74,752.0,Excellent,0.0111731843575419,54.8,54.3,MEDIUM,True
4f4d642833323569,665.0,Fair,0.0111731843575419,54.8,54.3,MEDIUM,True
4f4d642833323569,665.0,Fair,0.0111731843575419,54.8,54.3,MEDIUM,True
4f4d612834343a687d,803.0,Excellent,0.0370722433460076,83.9,52.0,HIGH,True
363068373435,695.0,Fair,0.08565866320571058,77.4,53.2,MEDIUM,True
4f5561283331336c,681.0,Fair,0.054388133498145856,83.9,52.0,HIGH,True
363068373435,667.0,Fair,0.054388133498145856,77.4,56.8,MEDIUM,True
4f5561283331336c,696.0,Fair,0.0370722433460076,54.8,50.1,MEDIUM,True
4f41612837373a6d7e,424.0,Watchful,0.53125,96.8,61.2,HIGH,True
4f41612837373a6d7e,424.0,Watchful,0.53125,96.8,61.2,HIGH,True
4f41612837373a6d7e,424.0,Watchful,0.53125,96.8,61.2,HIGH,True
4f4d61283630336e78,768.0,Excellent,0.054388133498145856,83.9,47.8,HIGH,True
4f4d612836333b6c7a,909.0,Excellent,0.0,83.9,52.0,HIGH,True
4f4d61283634376e7c,578.0,Watchful,0.08565866320571058,54.8,50.6,MEDIUM,True
4f4d61283637346874,809.0,Excellent,0.029296633594300035,54.8,50.6,MEDIUM,True
4f4d61283035346975,692.0,Fair,0.0111731843575419,54.8,50.6,MEDIUM,True
4f4d612830393a657a,792.0,Excellent,0.03361344537815126,54.8,50.6,MEDIUM,True
4f4d642836373765,576.0,Watchful,0.0370722433460076,54.8,50.6,MEDIUM,True
4f4d642833333065,810.0,Excellent,0.0370722433460076,54.8,50.6,MEDIUM,True
4f5561283139356d,727.0,Fair,0.03361344537815126,54.8,50.6,MEDIUM,True
363764343135,690.0,Fair,0.08565866320571058,77.4,52.9,MEDIUM,True
363561363734,704.0,Fair,0.054388133498145856,54.8,50.6,MEDIUM,True
363a62303730,714.0,Fair,0.15286624203821655,76.7,52.6,MEDIUM,True
4f4d61283634376e7c,451.0,Watchful,0.054388133498145856,54.8,54.3,MEDIUM,True
4f4d61283035346975,656.0,Fair,0.0,54.8,54.3,MEDIUM,True
4f4d61283636376c7f,838.0,Excellent,0.0,54.8,50.6,MEDIUM,True
4f4d62283139326d,727.0,Fair,0.0370722433460076,56.7,50.6,MEDIUM,True
3631653d3c34,780.0,Excellent,0.08565866320571058,83.9,52.0,HIGH,True
363663323039,689.0,Fair,0.09363295880149813,93.5,53.5,HIGH,True
4f4061283735346f7c,666.0,Fair,0.08565866320571058,93.5,53.5,HIGH,True
4f4064283c3134,767.0,Excellent,0.0,56.7,50.6,MEDIUM,True
4f40642837303a6c,821.0,Excellent,0.02926829268292683,54.8,50.6,MEDIUM,True
4f4b7d34343431697e,780.0,Excellent,0.08565866320571058,56.7,50.6,MEDIUM,True
4f4b7d343d333a6979,836.0,Excellent,0.0,54.8,50.6,MEDIUM,True
4f4064283c3134,753.0,Excellent,0.0,56.7,54.3,MEDIUM,True
4f4064283c3134,753.0,Excellent,0.0,56.7,54.3,MEDIUM,True
4f4064283c3134,753.0,Excellent,0.0,56.7,54.3,MEDIUM,True
4f4d612837363a6975,644.0,Fair,0.2533783783783784,77.4,47.9,MEDIUM,True
4f4d61283639366b,448.0,Watchful,0.0370722433460076,56.7,50.6,MEDIUM,True
4f4d61283030356c7f,807.0,Excellent,0.03361344537815126,54.8,50.6,MEDIUM,True
4f4d612830353a687b,821.0,Excellent,0.0111731843575419,54.8,50.6,MEDIUM,True
4f4d642836313a65,823.0,Excellent,0.0370722433460076,54.8,50.6,MEDIUM,True
4f4d00372838306e,806.0,Excellent,0.0,86.7,52.0,HIGH,True
4f5561283039356a,805.0,Excellent,0.03361344537815126,83.9,52.0,HIGH,True
4f4b61283731336a79,651.0,Fair,0.1948529411764706,54.8,50.6,MEDIUM,True
4f4b61283c32316b,860.0,Excellent,0.0370722433460076,93.5,53.5,HIGH,True
4f4f6128343337647a,840.0,Excellent,0.0,56.7,38.4,MEDIUM,True
4f4f61283339366b,825.0,Excellent,0.0,54.8,50.2,MEDIUM,True
4f4e612836393068,764.0,Excellent,0.0,86.7,52.0,HIGH,True
4f4d61283737306b7d,910.0,Excellent,0.03361344537815126,54.8,50.2,MEDIUM,True
4f5561283039356a,820.0,Excellent,0.0,54.8,54.3,MEDIUM,True
4f4d612830353a687b,841.0,Excellent,0.0,54.8,54.3,MEDIUM,True
4f4d612834343a687d,618.0,Fair,0.02926829268292683,54.8,54.3,MEDIUM,True
4f4d612836333b6c7a,787.0,Excellent,0.0,83.9,55.7,HIGH,True
4f4d61283639316f74,635.0,Fair,0.0,86.7,52.0,HIGH,True
4f4061283430306e,779.0,Excellent,0.054388133498145856,96.8,57.5,HIGH,True
4f4161283738316e78,706.0,Fair,0.1331168831168831,83.9,52.0,HIGH,True
4f4161283738316e78,659.0,Fair,0.054388133498145856,54.8,54.3,MEDIUM,True
4f4161283738316e78,659.0,Fair,0.054388133498145856,54.8,54.3,MEDIUM,True
4f4d6128343537687a,722.0,Fair,0.0370722433460076,54.8,50.6,MEDIUM,True
4f4d61283433306a7e,448.0,Watchful,0.2533783783783784,54.8,47.9,MEDIUM,True
4f4d61283436356d74,430.0,Watchful,0.0111731843575419,54.8,49.8,MEDIUM,True
4f4061283d33306a,795.0,Excellent,0.0370722433460076,54.8,50.6,MEDIUM,True
4f4b7d3433363a647f,932.0,Excellent,0.0370722433460076,56.7,50.6,MEDIUM,True
4f4b7d3435363a6b7d,792.0,Excellent,0.0370722433460076,54.8,50.2,MEDIUM,True
4f4b7d3437383b64,918.0,Excellent,0.0,83.9,52.0,HIGH,True
4f4b7d343333376a,773.0,Excellent,0.09363295880149813,77.4,52.9,MEDIUM,True
4f40632837373b68,823.0,Excellent,0.0,54.8,50.6,MEDIUM,True
4f4b7d373c303b65,609.0,Fair,0.0111731843575419,54.8,50.6,MEDIUM,True
4f4b7d303136366a,858.0,Excellent,0.0,56.7,50.2,MEDIUM,True
4f4b7d3736313a6e78,809.0,Excellent,0.0370722433460076,54.8,50.6,MEDIUM,True
4f4b7d3735383668,831.0,Excellent,0.0,54.8,50.2,MEDIUM,True
4f4b7d3730323a6b,789.0,Excellent,0.054388133498145856,54.8,50.6,MEDIUM,True
4f4b7d373736356d7f,846.0,Excellent,0.0,56.7,50.6,MEDIUM,True
4f4b7d373432326974,349.0,Watchful,0.1331168831168831,54.8,50.6,MEDIUM,True
4f4b7d373736376975,806.0,Excellent,0.0370722433460076,54.8,50.6,MEDIUM,True
4f4061283437306e79,686.0,Fair,0.029661016949152543,83.9,52.0,HIGH,True
4f4b7d343738336d79,835.0,Excellent,0.0,54.8,50.6,MEDIUM,True
4f4061283133346575,550.0,Watchful,0.0,56.7,50.6,MEDIUM,True
4f4b7d3736313a6e78,640.0,Fair,0.0370722433460076,54.8,54.3,MEDIUM,True
4f4b7d373635306574,817.0,Excellent,0.0,54.8,50.5,MEDIUM,True
4f4b7d343435366474,595.0,Watchful,0.054388133498145856,54.8,50.2,MEDIUM,True
4f4b7d343031356c7d,921.0,Excellent,0.0,54.8,50.6,MEDIUM,True
4f4b7d343d3534687b,791.0,Excellent,0.08565866320571058,54.8,50.6,MEDIUM,True
4f4b7d373135336878,402.0,Watchful,0.08565866320571058,77.4,52.9,MEDIUM,True
4f4b7d3437383365,789.0,Excellent,0.1331168831168831,54.8,50.6,MEDIUM,True
4f4b7d343435366474,468.0,Watchful,0.0370722433460076,54.8,53.9,MEDIUM,True
4f4b7d343435366474,468.0,Watchful,0.0370722433460076,54.8,53.9,MEDIUM,True
4f4061283437306e79,813.0,Excellent,0.0,54.8,54.3,MEDIUM,True
4f4b7d373135336878,369.0,Watchful,0.09363295880149813,77.4,56.5,MEDIUM,True
4f4061283d33306a,702.0,Fair,0.0370722433460076,54.8,54.3,MEDIUM,True
4f4061283133346575,626.0,Fair,0.0,56.7,54.3,MEDIUM,True
4f4061283133346575,626.0,Fair,0.0,56.7,54.3,MEDIUM,True
4f4b7d373635306574,717.0,Fair,0.0,54.8,54.1,MEDIUM,True
4f4b7d373635306574,717.0,Fair,0.0,54.8,54.1,MEDIUM,True
4f4b7d3437383365,671.0,Fair,0.054388133498145856,54.8,54.3,MEDIUM,True
4f4b7d373736376975,504.0,Watchful,0.0370722433460076,54.8,54.3,MEDIUM,True
4f4b7d373736376975,504.0,Watchful,0.0370722433460076,54.8,54.3,MEDIUM,True
4f4b7d3435363a6b7d,756.0,Excellent,0.029661016949152543,54.8,53.9,MEDIUM,True
343165363233,648.0,Fair,0.2533783783783784,93.5,53.5,HIGH,True
333360373130,566.0,Watchful,0.054388133498145856,54.8,50.6,MEDIUM,True
353665373534,576.0,Watchful,0.02926829268292683,54.8,50.2,MEDIUM,True
3635653c3736,801.0,Excellent,0.054388133498145856,83.9,52.0,HIGH,True
343367333135,715.0,Fair,0.0370722433460076,54.8,50.6,MEDIUM,True
363361353432,784.0,Excellent,0.09363295880149813,96.8,57.5,HIGH,True
353161373d32,841.0,Excellent,0.02926829268292683,56.7,50.5,MEDIUM,True
333061313539,712.0,Fair,0.0370722433460076,54.8,50.6,MEDIUM,True
363569303c36,703.0,Fair,0.0370722433460076,54.8,50.6,MEDIUM,True
343165363233,432.0,Watchful,0.2533783783783784,77.4,56.5,MEDIUM,True
4f4d61283433306a7e,493.0,Watchful,0.1948529411764706,54.8,51.5,MEDIUM,True
363361353432,807.0,Excellent,0.08565866320571058,96.8,61.2,HIGH,True
363361353432,807.0,Excellent,0.08565866320571058,96.8,61.2,HIGH,True
4f4d6128373933697c,699.0,Fair,0.08565866320571058,54.8,50.6,MEDIUM,True
4f4f61283239366a,827.0,Excellent,0.0370722433460076,54.8,50.2,MEDIUM,True
4f4d61283432326e7d,797.0,Excellent,0.029609147673711988,83.9,52.0,HIGH,True
4f4d61283039316e79,818.0,Excellent,0.02926829268292683,54.8,50.6,MEDIUM,True
4f4d612836373a687e,436.0,Watchful,0.0,54.8,50.6,MEDIUM,True
4f4d612831313a6f7f,780.0,Excellent,0.08565866320571058,93.5,53.5,HIGH,True
4f4d61283031336478,781.0,Excellent,0.15903614457831325,74.2,53.1,MEDIUM,True
4f4d642837363b69,568.0,Watchful,0.08565866320571058,54.8,50.6,MEDIUM,True
4f4d612837373a657f,604.0,Fair,0.28846153846153844,54.8,50.6,MEDIUM,True
4f4f61283239366a,828.0,Excellent,0.029661016949152543,54.8,53.9,MEDIUM,True
4f4d61283432326e7d,794.0,Excellent,0.0111731843575419,54.8,54.3,MEDIUM,True
3336663c3c30,700.0,Fair,0.08565866320571058,83.9,52.0,HIGH,True
4f416128363235697a,810.0,Excellent,0.02926829268292683,83.9,52.0,HIGH,True
4f4d61283031336478,785.0,Excellent,0.1331168831168831,74.2,56.7,MEDIUM,True
3336663c3c30,556.0,Watchful,0.054388133498145856,83.9,55.7,HIGH,True
343367333135,521.0,Watchful,0.03361344537815126,54.8,54.3,MEDIUM,True
343367333135,521.0,Watchful,0.03361344537815126,54.8,54.3,MEDIUM,True
4f4f612837373b6b,795.0,Excellent,0.08565866320571058,54.8,50.2,MEDIUM,True
4f4d612837313a6c74,725.0,Fair,0.02926829268292683,54.8,50.6,MEDIUM,True
4f4d6128373231657d,693.0,Fair,0.10218978102189781,74.2,53.1,MEDIUM,True
4f4d6128373535687b,760.0,Excellent,0.15903614457831325,76.7,52.8,MEDIUM,True
4f4161283133306a7c,806.0,Excellent,0.15286624203821655,54.8,50.6,MEDIUM,True
4f4b7d343034346c7a,503.0,Watchful,0.054388133498145856,54.8,50.6,MEDIUM,True
4f4f612837373b6b,707.0,Fair,0.054388133498145856,54.8,53.9,MEDIUM,True
4f4b7d363631376979,819.0,Excellent,0.029661016949152543,86.7,47.8,HIGH,True
4f4b7d3d3231336a,847.0,Excellent,0.0,56.7,50.6,MEDIUM,True
4f4b7d373336306b7f,645.0,Fair,0.2533783783783784,54.8,50.6,MEDIUM,True
4f4b7d3c34303665,903.0,Excellent,0.0,86.7,39.5,HIGH,True
4f4b7d363731346a,583.0,Watchful,0.054388133498145856,54.8,50.6,MEDIUM,True
4f4b7d3c31313269,804.0,Excellent,0.0370722433460076,54.8,50.2,MEDIUM,True
4f4b7d3d35393268,832.0,Excellent,0.02926829268292683,56.7,50.6,MEDIUM,True
4f4b7d3230303065,798.0,Excellent,0.08565866320571058,83.9,52.0,HIGH,True
4f4b7d373d363764,741.0,Fair,0.09363295880149813,77.4,53.2,MEDIUM,True
4f4b7d363731346a,541.0,Watchful,0.03361344537815126,54.8,54.3,MEDIUM,True
4f4b7d363731346a,541.0,Watchful,0.03361344537815126,54.8,54.3,MEDIUM,True
4f4b7d3c31313269,635.0,Fair,0.0370722433460076,54.8,53.9,MEDIUM,True
4f4b7d3c31313269,635.0,Fair,0.0370722433460076,54.8,53.9,MEDIUM,True
4f4b7d3230303065,664.0,Fair,0.0370722433460076,54.8,54.3,MEDIUM,True
4f4b7d3230303065,664.0,Fair,0.0370722433460076,54.8,54.3,MEDIUM,True
353665373534,549.0,Watchful,0.0111731843575419,54.8,53.9,MEDIUM,True
353665373534,549.0,Watchful,0.0111731843575419,54.8,53.9,MEDIUM,True
353665373534,549.0,Watchful,0.0111731843575419,54.8,53.9,MEDIUM,True
4f4d642837363b69,545.0,Watchful,0.054388133498145856,54.8,54.3,MEDIUM,True
4f4b7d3437383b64,977.0,Excellent,0.0,54.8,54.3,MEDIUM,True
4f4b612834373069,805.0,Excellent,0.0370722433460076,54.8,50.6,MEDIUM,True
4f4b6128343834647f,761.0,Excellent,0.0,56.7,50.6,MEDIUM,True
4f4b7d3232303b65,838.0,Excellent,0.029661016949152543,54.8,50.6,MEDIUM,True
4f4f61283430376874,650.0,Fair,0.0,56.7,50.6,MEDIUM,True
4f4f61283333326a,798.0,Excellent,0.0,83.9,52.0,HIGH,True
343162363132,652.0,Fair,0.1331168831168831,93.5,53.5,HIGH,True
4f4b7d3c33323b64,886.0,Excellent,0.0111731843575419,77.4,53.2,MEDIUM,True
4f4d62283432366a,764.0,Excellent,0.0370722433460076,74.2,53.1,MEDIUM,True
4f4f61283333326a,471.0,Watchful,0.10218978102189781,54.8,54.3,MEDIUM,True
4f4b6128343336697f,755.0,Excellent,0.0,56.7,49.0,MEDIUM,True
4f4b7d3d3d37356e,830.0,Excellent,0.02926829268292683,54.8,50.6,MEDIUM,True
4f4b7d3630333464,414.0,Watchful,0.03361344537815126,54.8,46.4,MEDIUM,True
4f4b7d363c32326f,821.0,Excellent,0.0,54.8,46.4,MEDIUM,True
4f4b7d373031376d7f,739.0,Fair,0.0,56.7,50.1,MEDIUM,True
4f4b7d373337326d7a,543.0,Watchful,0.03361344537815126,54.8,50.6,MEDIUM,True
4f4b7d37333237687b,929.0,Excellent,0.0111731843575419,54.8,50.6,MEDIUM,True
4f4b6128343336697f,760.0,Excellent,0.0,56.7,52.6,MEDIUM,True
4f4b7d363c32326f,822.0,Excellent,0.0,54.8,50.1,MEDIUM,True
4f4b7d313033376c,931.0,Excellent,0.0,56.7,50.6,MEDIUM,True
4f4b7d303d373a65,807.0,Excellent,0.08565866320571058,54.8,49.0,MEDIUM,True
4f4b7d3334383165,952.0,Excellent,0.0111731843575419,56.7,50.5,MEDIUM,True
4f4f61283430366f7d,610.0,Fair,0.0111731843575419,54.8,50.2,MEDIUM,True
4f4b7d3d3c373165,463.0,Watchful,0.0370722433460076,54.8,50.6,MEDIUM,True
4f4b61283436356f75,804.0,Excellent,0.10218978102189781,56.7,50.6,MEDIUM,True
4f4b7d363d373568,690.0,Fair,0.08565866320571058,83.9,52.0,HIGH,True
4f4b7d3334373b6e,795.0,Excellent,0.054388133498145856,77.4,51.2,MEDIUM,True
4f4b61283c353068,748.0,Fair,0.0,56.7,50.6,MEDIUM,True
4f4b6128373131687a,797.0,Excellent,0.08565866320571058,54.8,50.6,MEDIUM,True
4f4b7d3c36393469,809.0,Excellent,0.029661016949152543,83.9,52.0,HIGH,True
4f4b7d3334383165,611.0,Fair,0.0111731843575419,56.7,54.1,MEDIUM,True
4f53612836373465,691.0,Fair,0.1331168831168831,54.8,50.6,MEDIUM,True
4f4d622830353768,557.0,Watchful,0.10218978102189781,54.8,50.6,MEDIUM,True
363168303631,429.0,Watchful,0.054388133498145856,77.4,52.6,MEDIUM,True
353769333039,781.0,Excellent,0.08565866320571058,93.5,53.5,HIGH,True
4f536128343232647c,832.0,Excellent,0.0111731843575419,54.8,50.6,MEDIUM,True
4f4b7d37333237687b,845.0,Excellent,0.0,54.8,54.3,MEDIUM,True
4f4b7d363d373568,425.0,Watchful,0.08565866320571058,83.9,55.7,HIGH,True
4f4b7d363d373568,425.0,Watchful,0.08565866320571058,83.9,55.7,HIGH,True
4f4b7d363135366d,808.0,Excellent,0.02926829268292683,86.7,51.6,HIGH,True
4f4b7d313030306c,597.0,Watchful,0.08565866320571058,54.8,50.6,MEDIUM,True
4f4b7d3c313336,731.0,Fair,0.0,54.8,49.8,MEDIUM,True
4f4f612834333168,782.0,Excellent,0.0370722433460076,77.4,53.2,MEDIUM,True
4f4b7d3c3530336d,798.0,Excellent,0.1948529411764706,54.8,50.6,MEDIUM,True
4f4b7d3c3336316c,829.0,Excellent,0.0,83.9,52.0,HIGH,True
4f4e61283631336b,819.0,Excellent,0.0,86.7,52.0,HIGH,True
4f4b612832323465,826.0,Excellent,0.0111731843575419,54.8,50.6,MEDIUM,True
4f4b6128343133647a,826.0,Excellent,0.02926829268292683,54.8,50.6,MEDIUM,True
4f4b7d313030306c,510.0,Watchful,0.054388133498145856,54.8,54.3,MEDIUM,True
4f4b7d313033376c,931.0,Excellent,0.0,56.7,54.3,MEDIUM,True
4f4b7d313033376c,931.0,Excellent,0.0,56.7,54.3,MEDIUM,True
4f4b61283c353068,763.0,Excellent,0.0111731843575419,56.7,54.3,MEDIUM,True
4f4b61283c353068,763.0,Excellent,0.0111731843575419,56.7,54.3,MEDIUM,True
4f4f612834333168,722.0,Fair,0.0,54.8,53.9,MEDIUM,True
4f4b7d3c33323b64,767.0,Excellent,0.0,77.4,56.8,MEDIUM,True
4f4b7d3c33323b64,767.0,Excellent,0.0,77.4,56.8,MEDIUM,True
4f4b7d3630333464,373.0,Watchful,0.0111731843575419,54.8,50.1,MEDIUM,True
4f4061283430306e,797.0,Excellent,0.02926829268292683,96.8,61.2,HIGH,True
353769333039,588.0,Watchful,0.1331168831168831,77.4,56.5,MEDIUM,True
4f4061283630376a7a,781.0,Excellent,0.054388133498145856,93.5,48.9,HIGH,True
4f4061283436326b,776.0,Excellent,0.1331168831168831,77.4,48.2,MEDIUM,True
4f4061283435326a,819.0,Excellent,0.03361344537815126,56.7,45.9,MEDIUM,True
4f4061283435336b7d,737.0,Fair,0.0111731843575419,54.8,45.9,MEDIUM,True
4f416128313334687b,698.0,Fair,0.0370722433460076,54.8,45.8,MEDIUM,True
4f41612831313b6f7c,840.0,Excellent,0.0,56.7,45.6,MEDIUM,True
4f41612831313b6f7d,812.0,Excellent,0.0111731843575419,54.8,45.9,MEDIUM,True
4f4b7d3631363b697f,816.0,Excellent,0.03361344537815126,83.9,46.9,HIGH,True
4f4b7d373337336f7b,768.0,Excellent,0.0,56.7,45.9,MEDIUM,True
4f4b7d373138336475,837.0,Excellent,0.0111731843575419,56.7,45.9,MEDIUM,True
4f4b7d373639336d7c,718.0,Fair,0.0111731843575419,54.8,45.9,MEDIUM,True
4f4b7d373639336d7c,718.0,Fair,0.0111731843575419,54.8,45.9,MEDIUM,True
4f4b7d373138336475,837.0,Excellent,0.0111731843575419,56.7,45.9,MEDIUM,True
4f4b7d373337336f7b,768.0,Excellent,0.0,56.7,45.9,MEDIUM,True
4f4b7d3631363b697f,816.0,Excellent,0.03361344537815126,83.9,46.9,HIGH,True
4f4b7d363030336b75,778.0,Excellent,0.08565866320571058,83.9,52.0,HIGH,True
4f4f61283337316b,819.0,Excellent,0.0,83.9,52.0,HIGH,True
4f4b7d37343936647d,655.0,Fair,0.35185185185185186,83.9,52.0,HIGH,True
4f4d61283630306a79,811.0,Excellent,0.0111731843575419,83.9,52.0,HIGH,True
4f4d6128363833657d,860.0,Excellent,0.0,56.7,50.6,MEDIUM,True
4f4d61283436356974,587.0,Watchful,0.03361344537815126,54.8,50.6,MEDIUM,True
4f4d6128303236687e,778.0,Excellent,0.15903614457831325,96.8,57.5,HIGH,True
4f4d612830313a6d7d,588.0,Watchful,0.0370722433460076,54.8,50.6,MEDIUM,True
4f4f612830383569,907.0,Excellent,0.0,54.8,50.2,MEDIUM,True
4f4d61283635366b78,492.0,Watchful,0.029661016949152543,56.7,50.6,MEDIUM,True
4f4b7d363030336b75,659.0,Fair,0.08565866320571058,83.9,55.7,HIGH,True
4f4b7d363030336b75,659.0,Fair,0.08565866320571058,83.9,55.7,HIGH,True
4f4b7d373138356e79,829.0,Excellent,0.0,54.8,50.6,MEDIUM,True
4f4b7d373031356d7f,915.0,Excellent,0.0,54.8,50.6,MEDIUM,True
4f4b7d313338346c,840.0,Excellent,0.029661016949152543,56.7,50.6,MEDIUM,True
4f4b7d373432366c79,834.0,Excellent,0.0,54.8,50.6,MEDIUM,True
4f4d6128363833657d,809.0,Excellent,0.0,56.7,54.3,MEDIUM,True
4f4b7d37343936647d,407.0,Watchful,0.34426229508196715,83.9,55.7,HIGH,True
4f4d6128303136657a,831.0,Excellent,0.0111731843575419,56.7,50.5,MEDIUM,True
4f4d6128363132687a,803.0,Excellent,0.054388133498145856,83.9,52.0,HIGH,True
4f4d61283131356a75,824.0,Excellent,0.0,54.8,50.6,MEDIUM,True
4f4b612833393b6f,579.0,Watchful,0.10218978102189781,54.8,50.6,MEDIUM,True
4f4d61283130336b79,771.0,Excellent,0.08565866320571058,77.4,53.2,MEDIUM,True
4f4d61283434306a78,937.0,Excellent,0.0,54.8,50.0,MEDIUM,True
4f4b61283435366b7d,813.0,Excellent,0.02926829268292683,54.8,50.6,MEDIUM,True
4f4d61283436356974,472.0,Watchful,0.0111731843575419,54.8,54.3,MEDIUM,True
4f4b612833393b6f,644.0,Fair,0.08565866320571058,54.8,52.7,MEDIUM,True
4f4b7d313338346c,520.0,Watchful,0.02926829268292683,56.7,54.3,MEDIUM,True
4f4b61283435366b7d,643.0,Fair,0.0111731843575419,54.8,54.3,MEDIUM,True
4f4d6128303236687e,723.0,Fair,0.15903614457831325,96.8,61.2,HIGH,True
4f4f61283337316b,763.0,Excellent,0.0,83.9,55.7,HIGH,True
4f4d61283630306a79,814.0,Excellent,0.0,83.9,55.7,HIGH,True
4f4d61283630306a79,814.0,Excellent,0.0,83.9,55.7,HIGH,True
4f4d61283434306a78,906.0,Excellent,0.0,54.8,53.7,MEDIUM,True
4f4d6128303136657a,495.0,Watchful,0.0,56.7,54.1,MEDIUM,True
4f4d6128363132687a,638.0,Fair,0.0370722433460076,54.8,54.3,MEDIUM,True
4f4b7d373031356d7f,934.0,Excellent,0.0,54.8,54.3,MEDIUM,True
4f4f612830383569,821.0,Excellent,0.0,54.8,53.9,MEDIUM,True
4f4f612830383569,821.0,Excellent,0.0,54.8,53.9,MEDIUM,True
4f4b61283436356f75,582.0,Watchful,0.08565866320571058,56.7,54.3,MEDIUM,True
4f4b61283436356f75,582.0,Watchful,0.08565866320571058,56.7,54.3,MEDIUM,True
4f4b6128343133647a,452.0,Watchful,0.02926829268292683,54.8,54.3,MEDIUM,True
4f4061283738356c7b,927.0,Excellent,0.02926829268292683,83.9,52.0,HIGH,True
4f41612834313b6e7b,936.0,Excellent,0.0,56.7,50.5,MEDIUM,True
4f406128343832687f,508.0,Watchful,0.0111731843575419,54.8,50.6,MEDIUM,True
4f4061283430366d75,935.0,Excellent,0.0,56.7,50.6,MEDIUM,True
333462343334,816.0,Excellent,0.0,54.8,50.6,MEDIUM,True
4f416128373031687d,820.0,Excellent,0.0111731843575419,54.8,50.6,MEDIUM,True
333462353432,531.0,Watchful,0.5590551181102362,74.2,53.1,MEDIUM,True
4f4161283439326e7e,775.0,Excellent,0.1331168831168831,96.8,57.5,HIGH,True
4f406128343832687f,418.0,Watchful,0.0111731843575419,54.8,54.3,MEDIUM,True
4f406128343832687f,418.0,Watchful,0.0111731843575419,54.8,54.3,MEDIUM,True
333462343334,722.0,Fair,0.02926829268292683,54.8,54.3,MEDIUM,True
4f4b7d343035366f,787.0,Excellent,0.15903614457831325,54.8,50.6,MEDIUM,True
4f4b7d343230376a7e,743.0,Fair,0.0370722433460076,56.7,50.6,MEDIUM,True
4f4b7d3734303a6874,830.0,Excellent,0.0,54.8,50.6,MEDIUM,True
4f4b7d343c31316e,887.0,Excellent,0.0111731843575419,54.8,47.9,MEDIUM,True
4f4b7d343537326d7b,905.0,Excellent,0.0111731843575419,54.8,50.2,MEDIUM,True
4f4b7d343032366a7c,800.0,Excellent,0.03361344537815126,86.7,51.6,HIGH,True
4f4b7d37343530657a,797.0,Excellent,0.03361344537815126,54.8,50.6,MEDIUM,True
4f4b7d373639316a7c,713.0,Fair,0.08565866320571058,54.8,50.6,MEDIUM,True
4f4b7d343230316f74,710.0,Fair,0.10218978102189781,54.8,50.6,MEDIUM,True
4f4b7d343435316e7f,764.0,Excellent,0.08565866320571058,93.5,53.5,HIGH,True
4f4b7d343035366f,476.0,Watchful,0.10218978102189781,54.8,54.3,MEDIUM,True
4f4b7d343035366f,476.0,Watchful,0.10218978102189781,54.8,54.3,MEDIUM,True
4f416128373031687d,468.0,Watchful,0.0111731843575419,54.8,54.3,MEDIUM,True
4f416128373031687d,468.0,Watchful,0.0111731843575419,54.8,54.3,MEDIUM,True
4f4b7d37343530657a,703.0,Fair,0.03361344537815126,54.8,54.3,MEDIUM,True
4f4b7d3433383b6b7c,693.0,Fair,0.08565866320571058,77.4,52.9,MEDIUM,True
4f4b7d373634366a7c,828.0,Excellent,0.03361344537815126,54.8,50.6,MEDIUM,True
4f4b7d3730333a6f7d,912.0,Excellent,0.03361344537815126,54.8,50.6,MEDIUM,True
4f4b7d373332366e7c,708.0,Fair,0.08565866320571058,54.8,50.6,MEDIUM,True
4f4b7d37303930697a,845.0,Excellent,0.0,56.7,50.6,MEDIUM,True
4f406128363136647c,626.0,Fair,0.0,56.7,45.9,MEDIUM,True
4f4b7d37303930697a,848.0,Excellent,0.0,56.7,54.2,MEDIUM,True
4f4161283636316f79,477.0,Watchful,0.08565866320571058,54.8,50.6,MEDIUM,True
4f416128373932687b,822.0,Excellent,0.054388133498145856,56.7,50.6,MEDIUM,True
4f4061283638366e7a,818.0,Excellent,0.054388133498145856,54.8,50.6,MEDIUM,True
4f4b7d3d3531356f,772.0,Excellent,0.10218978102189781,54.8,50.6,MEDIUM,True
4f4f61283433316f7a,615.0,Fair,0.0,54.8,50.2,MEDIUM,True
4f4b7d3636333a69,715.0,Fair,0.08565866320571058,54.8,50.6,MEDIUM,True
4f4b7d363639356b,605.0,Fair,0.054388133498145856,54.8,50.6,MEDIUM,True
4f4b7d323d30316c,822.0,Excellent,0.03361344537815126,54.8,50.2,MEDIUM,True
4f4d64283d393668,937.0,Excellent,0.0,56.7,50.6,MEDIUM,True
353363313036,755.0,Excellent,0.10218978102189781,83.9,52.0,HIGH,True
333061313c36,811.0,Excellent,0.0111731843575419,54.8,44.6,MEDIUM,True
363b67323036,792.0,Excellent,0.09363295880149813,77.4,48.2,MEDIUM,True
363b69343333,777.0,Excellent,0.08565866320571058,77.4,48.2,MEDIUM,True
4f4061283431376e7b,722.0,Fair,0.08565866320571058,54.8,45.9,MEDIUM,True
4f40612834313b6478,723.0,Fair,0.08565866320571058,54.8,45.9,MEDIUM,True
4f4061283630356478,804.0,Excellent,0.03361344537815126,54.8,45.5,MEDIUM,True
4f4061283733326a7d,634.0,Fair,0.0,56.7,45.9,MEDIUM,True
4f4161283632316c74,740.0,Fair,0.0370722433460076,56.7,45.6,MEDIUM,True
4f4161283636316479,755.0,Excellent,0.2533783783783784,93.5,43.4,HIGH,True
4f41612836393b6875,817.0,Excellent,0.029661016949152543,86.7,42.8,HIGH,True
4f4161283736346a,841.0,Excellent,0.02926829268292683,56.7,33.7,MEDIUM,True
4f4b61283434346e78,690.0,Fair,0.0370722433460076,54.8,45.1,MEDIUM,True
4f4b61283437376578,841.0,Excellent,0.02926829268292683,86.7,47.4,HIGH,True
4f4b6128343936657b,724.0,Fair,0.054388133498145856,76.7,48.2,MEDIUM,True
4f4b61283731336a75,812.0,Excellent,0.02926829268292683,54.8,45.9,MEDIUM,True
4f4b7d343032356c7f,406.0,Watchful,0.1948529411764706,54.8,45.9,MEDIUM,True
4f4b7d343134,842.0,Excellent,0.0111731843575419,56.7,45.9,MEDIUM,True
4f4b7d343139366b75,803.0,Excellent,0.03361344537815126,54.8,45.6,MEDIUM,True
4f4b7d37303336697b,843.0,Excellent,0.0,56.7,45.9,MEDIUM,True
4f4b7d373035336574,808.0,Excellent,0.029661016949152543,54.8,45.9,MEDIUM,True
4f4b7d373130366a7d,815.0,Excellent,0.08565866320571058,54.8,50.6,MEDIUM,True
4f4b7d373134346479,832.0,Excellent,0.0,54.8,45.9,MEDIUM,True
4f4b7d373639336f79,511.0,Watchful,0.029661016949152543,54.8,45.9,MEDIUM,True
4f4b7d3c30353465,837.0,Excellent,0.03361344537815126,56.7,45.6,MEDIUM,True
4f4b7d3c31333a6c,833.0,Excellent,0.0111731843575419,54.8,45.9,MEDIUM,True
4f4b7d3c36303765,679.0,Fair,0.1331168831168831,77.4,48.2,MEDIUM,True
4f4b7d3c3c39366f,806.0,Excellent,0.054388133498145856,83.9,47.4,HIGH,True
4f4b7d3d32353065,841.0,Excellent,0.0111731843575419,56.7,45.9,MEDIUM,True
4f4b7d3d37333168,832.0,Excellent,0.0370722433460076,54.8,45.9,MEDIUM,True
4f4d612830303a6c7a,498.0,Watchful,0.03361344537815126,54.8,45.9,MEDIUM,True
4f4d61283037316c79,821.0,Excellent,0.0,54.8,33.4,MEDIUM,True
4f4d612830373a647a,390.0,Watchful,0.28846153846153844,54.8,45.9,MEDIUM,True
4f4d61283038326975,593.0,Watchful,0.08565866320571058,54.8,45.5,MEDIUM,True
4f4d6128303833647a,589.0,Watchful,0.054388133498145856,54.8,41.7,MEDIUM,True
4f4d612830393b6e7d,860.0,Excellent,0.0,56.7,45.9,MEDIUM,True
4f4d61283135366b7b,790.0,Excellent,0.08565866320571058,83.9,47.4,HIGH,True
4f4d6128313730697c,473.0,Watchful,0.1331168831168831,54.8,45.9,MEDIUM,True
4f4d612834303a6d74,585.0,Watchful,0.0370722433460076,54.8,45.9,MEDIUM,True
4f4d61283435346b7e,929.0,Excellent,0.0,56.7,45.8,MEDIUM,True
4f4d612836313b6a7f,569.0,Watchful,0.03361344537815126,54.8,45.9,MEDIUM,True
4f4d61283632346979,797.0,Excellent,0.08565866320571058,77.4,43.2,MEDIUM,True
4f4d622833353b6e,496.0,Watchful,0.08565866320571058,54.8,45.9,MEDIUM,True
4f4d62283c313168,799.0,Excellent,0.08565866320571058,54.8,45.6,MEDIUM,True
4f4e612836313065,783.0,Excellent,0.09363295880149813,93.5,44.7,HIGH,True
4f4e61283c33306b,812.0,Excellent,0.0111731843575419,56.7,45.9,MEDIUM,True
4f4f612830363065,810.0,Excellent,0.054388133498145856,54.8,45.6,MEDIUM,True
4f4f61283431366a7f,638.0,Fair,0.15903614457831325,74.2,48.4,MEDIUM,True
4f4f612834323469,790.0,Excellent,0.0111731843575419,77.4,48.5,MEDIUM,True
4f4f612834353b697b,822.0,Excellent,0.0370722433460076,54.8,45.6,MEDIUM,True
4f55612830373669,859.0,Excellent,0.0,56.7,45.9,MEDIUM,True
4f55612833303b6c,682.0,Fair,0.1948529411764706,83.9,52.0,HIGH,True
4f4d6128373934687a,819.0,Excellent,0.0111731843575419,54.8,50.6,MEDIUM,True
4f4d61283135326974,526.0,Watchful,0.08565866320571058,56.7,50.6,MEDIUM,True
4f4b7d363639356b,653.0,Fair,0.054388133498145856,54.8,54.3,MEDIUM,True
4f4b7d363639356b,653.0,Fair,0.054388133498145856,54.8,54.3,MEDIUM,True
4f4b7d373639316a7c,556.0,Watchful,0.054388133498145856,54.8,54.3,MEDIUM,True
4f416128373932687b,565.0,Watchful,0.03361344537815126,56.7,54.3,MEDIUM,True
4f4b7d373332366e7c,475.0,Watchful,0.08565866320571058,54.8,54.3,MEDIUM,True
4f4b7d3d3531356f,666.0,Fair,0.08565866320571058,54.8,54.3,MEDIUM,True
343162363132,487.0,Watchful,0.15286624203821655,93.5,57.2,HIGH,True
4f4d64283d393668,934.0,Excellent,0.0,56.7,54.3,MEDIUM,True
4f4161283439326e7e,633.0,Fair,0.054388133498145856,96.8,61.2,HIGH,True
4f4b7d363136356c7f,683.0,Fair,0.054388133498145856,77.4,55.3,MEDIUM,True
4f4b7d363631376979,704.0,Fair,0.0111731843575419,86.7,51.5,HIGH,True
4f41612837353b6979,795.0,Excellent,0.054388133498145856,54.8,50.6,MEDIUM,True
333266363137,799.0,Excellent,0.0370722433460076,77.4,48.7,MEDIUM,True
4f416128373037657d,589.0,Watchful,0.0370722433460076,54.8,50.6,MEDIUM,True
4f4161283639316b75,806.0,Excellent,0.08565866320571058,54.8,50.6,MEDIUM,True
333660343c39,573.0,Watchful,0.054388133498145856,77.4,52.9,MEDIUM,True
333264323d39,931.0,Excellent,0.0,54.8,50.6,MEDIUM,True
3332693c3035,590.0,Watchful,0.0111731843575419,54.8,49.8,MEDIUM,True
333262373134,893.0,Excellent,0.0370722433460076,93.5,53.5,HIGH,True
4f406128343337697a,726.0,Fair,0.03361344537815126,54.8,50.6,MEDIUM,True
4f40612834373b697d,832.0,Excellent,0.0,54.8,50.6,MEDIUM,True
4f40612834373b697d,751.0,Excellent,0.0,54.8,54.3,MEDIUM,True
4f40612834373b697d,751.0,Excellent,0.0,54.8,54.3,MEDIUM,True
4f416128363736687a,733.0,Fair,0.054388133498145856,83.9,52.0,HIGH,True
4f4d62283136326a,701.0,Fair,0.054388133498145856,83.9,51.6,HIGH,True
4f4b7d3631383a647f,716.0,Fair,0.0,86.7,39.5,HIGH,True
4f4b7d323532376e,793.0,Excellent,0.0370722433460076,83.9,52.0,HIGH,True
4f4d642836373765,470.0,Watchful,0.029661016949152543,54.8,54.3,MEDIUM,True
4f4d642836373765,470.0,Watchful,0.029661016949152543,54.8,54.3,MEDIUM,True
4f4d62283136326a,814.0,Excellent,0.0,54.8,54.3,MEDIUM,True
4f4b7d3d3c373165,452.0,Watchful,0.0370722433460076,54.8,54.3,MEDIUM,True
4f4b7d3631383a647f,707.0,Fair,0.0,86.7,43.2,HIGH,True
4f4b7d3631383a647f,707.0,Fair,0.0,86.7,43.2,HIGH,True
333262373134,746.0,Fair,0.054388133498145856,93.5,57.2,HIGH,True
333262373134,746.0,Fair,0.054388133498145856,93.5,57.2,HIGH,True
4f4b7d323532376e,744.0,Fair,0.0370722433460076,54.8,54.3,MEDIUM,True
4f55612833303b6c,469.0,Watchful,0.15903614457831325,54.8,54.3,MEDIUM,True
333064353334,454.0,Watchful,0.10218978102189781,74.2,56.7,MEDIUM,True
333264323d39,628.0,Fair,0.0,54.8,54.3,MEDIUM,True
333264323d39,628.0,Fair,0.0,54.8,54.3,MEDIUM,True
333264323d39,628.0,Fair,0.0,54.8,54.3,MEDIUM,True
4f4161283d363468,901.0,Excellent,0.03361344537815126,83.9,52.0,HIGH,True
4f4061283638366e7a,818.0,Excellent,0.08565866320571058,54.8,50.6,MEDIUM,True
353369323434,474.0,Watchful,0.15286624203821655,77.4,52.9,MEDIUM,True
353465333138,833.0,Excellent,0.0,56.7,50.6,MEDIUM,True
333568303230,753.0,Excellent,0.0,86.7,52.0,HIGH,True
353064323c30,655.0,Fair,0.4032258064516129,77.4,52.4,MEDIUM,True
4f4b7d323c393065,606.0,Fair,0.0370722433460076,54.8,50.6,MEDIUM,True
4f4d642834383664,559.0,Watchful,0.34426229508196715,77.4,52.9,MEDIUM,True
333168363c36,791.0,Excellent,0.054388133498145856,54.8,50.2,MEDIUM,True
343566323c36,466.0,Watchful,0.0370722433460076,54.8,53.8,MEDIUM,True
4f4d6128363132687a,564.0,Watchful,0.0370722433460076,54.8,54.3,MEDIUM,True
4f4b7d3c313336,749.0,Fair,0.0,54.8,53.5,MEDIUM,True
4f4b7d34353534687d,470.0,Watchful,0.0370722433460076,54.8,54.3,MEDIUM,True
4f4b7d373c303b65,645.0,Fair,0.0111731843575419,54.8,54.3,MEDIUM,True
353369323434,421.0,Watchful,0.15903614457831325,77.4,56.5,MEDIUM,True
343264333537,415.0,Watchful,0.0370722433460076,77.4,56.5,MEDIUM,True
4f4061283132376e78,447.0,Watchful,0.03361344537815126,54.8,54.3,MEDIUM,True
4f4061283132376e78,447.0,Watchful,0.03361344537815126,54.8,54.3,MEDIUM,True
4f4b7d343430336a,790.0,Excellent,0.0,56.7,54.3,MEDIUM,True
4f4b7d343738336d79,493.0,Watchful,0.0,54.8,54.3,MEDIUM,True
4f4b7d3437383a6c7f,731.0,Fair,0.03361344537815126,54.8,54.3,MEDIUM,True
353161373d32,862.0,Excellent,0.0111731843575419,56.7,54.1,MEDIUM,True
4f4b7d3c3530336d,383.0,Watchful,0.1948529411764706,54.8,54.3,MEDIUM,True
4f4d61283135326974,481.0,Watchful,0.08565866320571058,56.7,54.3,MEDIUM,True
4f4161283636316f79,399.0,Watchful,0.08565866320571058,54.8,54.3,MEDIUM,True
4f4161283636316f79,399.0,Watchful,0.08565866320571058,54.8,54.3,MEDIUM,True
4f4161283133306a7c,573.0,Watchful,0.10218978102189781,54.8,54.3,MEDIUM,True
333568303230,683.0,Fair,0.0,86.7,55.7,HIGH,True
333568303230,683.0,Fair,0.0,86.7,55.7,HIGH,True
4f4d612837313a6c74,773.0,Excellent,0.02926829268292683,54.8,54.2,MEDIUM,True
4f55612836333b6c,753.0,Excellent,0.0111731843575419,54.8,53.7,MEDIUM,True
4f4b7d373337326d7a,546.0,Watchful,0.029661016949152543,54.8,54.3,MEDIUM,True
4f4b7d343c31316e,928.0,Excellent,0.0,54.8,51.5,MEDIUM,True
4f536128343232647c,582.0,Watchful,0.0111731843575419,54.8,54.3,MEDIUM,True
4f536128343232647c,582.0,Watchful,0.0111731843575419,54.8,54.3,MEDIUM,True
4f4b7d3d35393268,724.0,Fair,0.0111731843575419,56.7,54.3,MEDIUM,True
4f4b7d343739316d75,634.0,Fair,0.054388133498145856,54.8,54.3,MEDIUM,True
363a62303730,686.0,Fair,0.10218978102189781,76.7,56.3,MEDIUM,True
363a62303730,686.0,Fair,0.10218978102189781,76.7,56.3,MEDIUM,True
4f4b7d3232303b65,873.0,Excellent,0.02926829268292683,54.8,54.3,MEDIUM,True
4f4b7d3232303b65,873.0,Excellent,0.02926829268292683,54.8,54.3,MEDIUM,True
4f4161283639316b75,620.0,Fair,0.054388133498145856,54.8,54.3,MEDIUM,True
4f4161283639316b75,620.0,Fair,0.054388133498145856,54.8,54.3,MEDIUM,True
4f4d61283630336e78,390.0,Watchful,0.0370722433460076,54.8,54.3,MEDIUM,True
4f4d61283436356d74,456.0,Watchful,0.0,54.8,53.5,MEDIUM,True
4f4b7d343435316e7f,595.0,Watchful,0.08565866320571058,93.5,57.2,HIGH,True
4f4b7d3636333a69,619.0,Fair,0.08565866320571058,54.8,54.3,MEDIUM,True
353467333d32,516.0,Watchful,0.08565866320571058,77.4,56.5,MEDIUM,True
4f4b612832323465,648.0,Fair,0.0111731843575419,54.8,54.3,MEDIUM,True
353363313036,519.0,Watchful,0.054388133498145856,54.8,54.3,MEDIUM,True
4f4b7d343333376a,519.0,Watchful,0.09363295880149813,77.4,56.5,MEDIUM,True
4f4d00372838306e,850.0,Excellent,0.0,56.7,54.3,MEDIUM,True
4f4b7d343333376a,519.0,Watchful,0.09363295880149813,77.4,56.5,MEDIUM,True
4f4b7d373432366c79,871.0,Excellent,0.0,54.8,54.3,MEDIUM,True
4f4b7d373432366c79,871.0,Excellent,0.0,54.8,54.3,MEDIUM,True
4f4b7d303d373a65,574.0,Watchful,0.08565866320571058,54.8,52.7,MEDIUM,True
4f4161283637316e7c,617.0,Fair,0.054388133498145856,54.8,54.3,MEDIUM,True
4f406128313531697e,438.0,Watchful,0.02926829268292683,54.8,54.3,MEDIUM,True
4f4161283637316e7c,617.0,Fair,0.054388133498145856,54.8,54.3,MEDIUM,True
4f406128313531697e,438.0,Watchful,0.02926829268292683,54.8,54.3,MEDIUM,True
4f4b7d343439326874,624.0,Fair,0.0370722433460076,56.7,54.3,MEDIUM,True
4f4d642833353a68,937.0,Excellent,0.0,56.7,54.3,MEDIUM,True
4f4b612834373069,609.0,Fair,0.08565866320571058,54.8,54.3,MEDIUM,True
4f4d612830313a6d7d,379.0,Watchful,0.0370722433460076,54.8,54.3,MEDIUM,True
4f4d612830313a6d7d,379.0,Watchful,0.0370722433460076,54.8,54.3,MEDIUM,True
4f53612836373465,522.0,Watchful,0.09363295880149813,54.8,54.3,MEDIUM,True
343669343132,621.0,Fair,0.09363295880149813,77.4,56.5,MEDIUM,True
343669343132,621.0,Fair,0.09363295880149813,77.4,56.5,MEDIUM,True
4f4b7d3d3d37356e,850.0,Excellent,0.0111731843575419,54.8,54.3,MEDIUM,True
4f4b7d3d3d37356e,850.0,Excellent,0.0111731843575419,54.8,54.3,MEDIUM,True
4f4b7d343d333a6979,850.0,Excellent,0.0,54.8,54.3,MEDIUM,True
4f4b61283c32316b,518.0,Watchful,0.0370722433460076,77.4,56.5,MEDIUM,True
3635653c3736,588.0,Watchful,0.08565866320571058,54.8,53.8,MEDIUM,True
4f4b7d3334373b6e,719.0,Fair,0.0370722433460076,77.4,54.9,MEDIUM,True
4f4b7d3c36393469,750.0,Excellent,0.0,54.8,54.3,MEDIUM,True
4f4b7d3c36393469,750.0,Excellent,0.0,54.8,54.3,MEDIUM,True
4f41612837353b6979,506.0,Watchful,0.0370722433460076,54.8,54.3,MEDIUM,True
4f4b7d3d3231336a,846.0,Excellent,0.0,56.7,54.3,MEDIUM,True
4f4061283133346f,344.0,Watchful,0.1948529411764706,54.8,54.3,MEDIUM,True
4f4b7d3d3231336a,846.0,Excellent,0.0,56.7,54.3,MEDIUM,True
4f4b7d3d3231336a,846.0,Excellent,0.0,56.7,54.3,MEDIUM,True
4f4d61283639366b,463.0,Watchful,0.0111731843575419,56.7,54.2,MEDIUM,True
4f4b7d34343431697e,624.0,Fair,0.0370722433460076,56.7,54.2,MEDIUM,True
4f4b7d373736356d7f,720.0,Fair,0.0,56.7,54.3,MEDIUM,True
4f4b7d363135366d,651.0,Fair,0.0111731843575419,56.7,53.8,MEDIUM,True
4f4b7d323d30316c,701.0,Fair,0.02926829268292683,54.8,53.9,MEDIUM,True
4f4d61283635366b78,465.0,Watchful,0.02926829268292683,56.7,54.3,MEDIUM,True
4f4b7d373138356e79,688.0,Fair,0.0,54.8,54.3,MEDIUM,True
4f4b7d373031376d7f,722.0,Fair,0.0,56.7,53.8,MEDIUM,True
4f4d612836373a687e,463.0,Watchful,0.0,54.8,54.3,MEDIUM,True
4f4d612836373a687e,463.0,Watchful,0.0,54.8,54.3,MEDIUM,True
4f4f61283430366f7d,647.0,Fair,0.0,54.8,53.9,MEDIUM,True
4f4d6128373535687b,446.0,Watchful,0.15903614457831325,76.7,56.5,MEDIUM,True
4f4d6128373535687b,446.0,Watchful,0.15903614457831325,76.7,56.5,MEDIUM,True
4f4b7d3c34303665,933.0,Excellent,0.0,76.7,56.1,MEDIUM,True
4f4b7d3c34303665,933.0,Excellent,0.0,76.7,56.1,MEDIUM,True
4f4b7d343031356c7d,936.0,Excellent,0.0,54.8,54.3,MEDIUM,True
4f4b7d343031356c7d,936.0,Excellent,0.0,54.8,54.3,MEDIUM,True
333461353c35,379.0,Watchful,0.0111731843575419,54.8,51.5,MEDIUM,True
333461353c35,379.0,Watchful,0.0111731843575419,54.8,51.5,MEDIUM,True
353266343432,759.0,Excellent,0.0111731843575419,96.8,61.2,HIGH,True
343a62363437,874.0,Excellent,0.0,56.7,49.3,MEDIUM,True
4f4061283432376b75,517.0,Watchful,0.054388133498145856,96.8,57.0,HIGH,True
4f4061283430366d75,937.0,Excellent,0.0,56.7,54.3,MEDIUM,True
363168303631,431.0,Watchful,0.0370722433460076,77.4,56.3,MEDIUM,True
363168303631,431.0,Watchful,0.0370722433460076,77.4,56.3,MEDIUM,True
4f4b7d343d3534687b,702.0,Fair,0.054388133498145856,54.8,54.3,MEDIUM,True
363561363734,660.0,Fair,0.08565866320571058,54.8,54.3,MEDIUM,True
363764343135,414.0,Watchful,0.1331168831168831,77.4,56.5,MEDIUM,True
363764343135,414.0,Watchful,0.1331168831168831,77.4,56.5,MEDIUM,True
4f4e61283631336b,630.0,Fair,0.0,56.7,53.8,MEDIUM,True
4f4e61283631336b,630.0,Fair,0.0,56.7,53.8,MEDIUM,True
4f4e612836393068,754.0,Excellent,0.0,56.7,53.8,MEDIUM,True
4f40612834313a697e,617.0,Fair,0.09363295880149813,54.8,53.5,MEDIUM,True
4f4d612837363a6975,361.0,Watchful,0.2533783783783784,77.4,51.5,MEDIUM,True
4f4b7d3431373669,774.0,Excellent,0.0,56.7,54.2,MEDIUM,True
4f4d642836313a65,813.0,Excellent,0.03361344537815126,54.8,54.3,MEDIUM,True
4f4d642836313a65,813.0,Excellent,0.03361344537815126,54.8,54.3,MEDIUM,True
4f4b7d373432326974,335.0,Watchful,0.08565866320571058,54.8,54.3,MEDIUM,True
4f4b7d3730333a6f7d,951.0,Excellent,0.02926829268292683,54.8,54.3,MEDIUM,True
4f4b7d3730333a6f7d,951.0,Excellent,0.02926829268292683,54.8,54.3,MEDIUM,True
363663323039,546.0,Watchful,0.08565866320571058,77.4,56.5,MEDIUM,True
4f4d642833333065,452.0,Watchful,0.0370722433460076,54.8,54.3,MEDIUM,True
4f4061283738346d7d,361.0,Watchful,0.15903614457831325,77.4,56.5,MEDIUM,True
4f4061283738346d7d,361.0,Watchful,0.15903614457831325,77.4,56.5,MEDIUM,True
4f406128343337697a,635.0,Fair,0.02926829268292683,54.8,54.3,MEDIUM,True
4f406128343337697a,635.0,Fair,0.02926829268292683,54.8,54.3,MEDIUM,True
4f4d6128373933697c,425.0,Watchful,0.08565866320571058,54.8,54.3,MEDIUM,True
4f4b7d3232363368,857.0,Excellent,0.0,77.4,41.3,MEDIUM,True
4f4d61283137306d78,752.0,Excellent,0.08565866320571058,83.9,52.0,HIGH,True
333266363137,662.0,Fair,0.0370722433460076,77.4,52.3,MEDIUM,True
333660343c39,538.0,Watchful,0.0370722433460076,77.4,56.5,MEDIUM,True
4f4061283735346f7c,561.0,Watchful,0.054388133498145856,93.5,57.2,HIGH,True
343360343030,656.0,Fair,0.53125,77.4,53.2,MEDIUM,True
4f4061283437336e7e,758.0,Excellent,0.0,56.7,50.6,MEDIUM,True
363561343532,807.0,Excellent,0.054388133498145856,56.7,50.6,MEDIUM,True
4f4d642833363469,653.0,Fair,0.2533783783783784,83.9,51.9,HIGH,True
4f4161283432336b7e,691.0,Fair,0.1948529411764706,54.8,50.6,MEDIUM,True
4f416128363933657b,803.0,Excellent,0.0111731843575419,83.9,52.0,HIGH,True
333165363738,843.0,Excellent,0.0,56.7,50.6,MEDIUM,True
353560373236,689.0,Fair,0.2251655629139073,77.4,52.9,MEDIUM,True
4f4b7d363139306a7e,788.0,Excellent,0.08565866320571058,93.5,53.1,HIGH,True
4f4b7d3430303268,594.0,Watchful,0.1331168831168831,77.4,52.9,MEDIUM,True
4f4b7d343635306f78,819.0,Excellent,0.0,83.9,52.0,HIGH,True
4f4f61283430346b78,823.0,Excellent,0.0,54.8,50.6,MEDIUM,True
4f4b7d373432366f7e,611.0,Fair,0.02926829268292683,54.8,49.8,MEDIUM,True
4f4b7d34303436657f,805.0,Excellent,0.0111731843575419,54.8,50.6,MEDIUM,True
4f40612834313b6c74,806.0,Excellent,0.08565866320571058,54.8,50.6,MEDIUM,True
353660373730,674.0,Fair,0.10218978102189781,83.9,52.0,HIGH,True
343160323c34,775.0,Excellent,0.08565866320571058,54.8,46.4,MEDIUM,True
4f4b7d373637376475,628.0,Fair,0.0,56.7,50.6,MEDIUM,True
4f4b7d373633326474,785.0,Excellent,0.054388133498145856,54.8,50.6,MEDIUM,True
4f4f61283c31376a,850.0,Excellent,0.0111731843575419,56.7,50.2,MEDIUM,True
4f4f61283035306d,812.0,Excellent,0.0,54.8,50.6,MEDIUM,True
4f4f61283c363369,684.0,Fair,0.0111731843575419,54.8,50.2,MEDIUM,True
4f4d6128363733687b,771.0,Excellent,0.08565866320571058,83.9,52.0,HIGH,True
4f4b612833383a64,845.0,Excellent,0.0,56.7,50.0,MEDIUM,True
4f4b7d3c3139,846.0,Excellent,0.0,56.7,38.0,MEDIUM,True
4f4b7d373637336874,804.0,Excellent,0.0,83.9,52.0,HIGH,True
4f4b7d373734306c7b,731.0,Fair,0.0,54.8,50.6,MEDIUM,True
4f4b7d333332356e,741.0,Fair,0.2533783783783784,74.2,53.1,MEDIUM,True
4f4061283437306e79,796.0,Excellent,0.0,54.8,54.3,MEDIUM,True
4f4d6128373231657d,631.0,Fair,0.08565866320571058,74.2,56.7,MEDIUM,True
4f4b7d3734303a6874,871.0,Excellent,0.0,54.8,54.3,MEDIUM,True
4f4b7d343632326f7a,580.0,Watchful,0.054388133498145856,54.8,53.9,MEDIUM,True
4f4d62283139326d,681.0,Fair,0.0370722433460076,56.7,54.3,MEDIUM,True
4f4161283436366879,826.0,Excellent,0.0,54.8,54.3,MEDIUM,True
4f4d61283636376c7f,831.0,Excellent,0.0,54.8,54.3,MEDIUM,True
343a653d3030,770.0,Excellent,0.02926829268292683,54.8,54.3,MEDIUM,True
4f4b7d343032366a7c,695.0,Fair,0.029661016949152543,86.7,55.3,HIGH,True
4f4b7d37303735687d,610.0,Fair,0.0,54.8,50.6,MEDIUM,True
333764373737,414.0,Watchful,0.03361344537815126,54.8,54.3,MEDIUM,True
343a653d3030,770.0,Excellent,0.02926829268292683,54.8,54.3,MEDIUM,True
333764373737,414.0,Watchful,0.03361344537815126,54.8,54.3,MEDIUM,True
4f416128373037657d,461.0,Watchful,0.0370722433460076,54.8,54.3,MEDIUM,True
4f416128373037657d,461.0,Watchful,0.0370722433460076,54.8,54.3,MEDIUM,True
4f4b7d373235336b75,743.0,Fair,0.03361344537815126,77.4,56.8,MEDIUM,True
4f4d612837373a657f,360.0,Watchful,0.34426229508196715,54.8,54.3,MEDIUM,True
4f4061283738356c7b,950.0,Excellent,0.0111731843575419,54.8,54.3,MEDIUM,True
4f4b7d333332356e,521.0,Watchful,0.28846153846153844,74.2,56.7,MEDIUM,True
4f4f6128343337647a,665.0,Fair,0.0,56.7,42.0,MEDIUM,True
4f4d61283030356c7f,608.0,Fair,0.0,54.8,54.3,MEDIUM,True
4f4b7d373130366a7d,651.0,Fair,0.054388133498145856,54.8,54.3,MEDIUM,True
4f4b7d373130366a7d,651.0,Fair,0.054388133498145856,54.8,54.3,MEDIUM,True
4f41612837363a6a78,754.0,Excellent,0.029661016949152543,54.8,54.3,MEDIUM,True
4f41612837363a6a78,754.0,Excellent,0.029661016949152543,54.8,54.3,MEDIUM,True
4f4d642832323765,705.0,Fair,0.0,56.7,54.3,MEDIUM,True
4f4d642832323765,705.0,Fair,0.0,56.7,54.3,MEDIUM,True
4f4b7d373235336b75,743.0,Fair,0.03361344537815126,77.4,56.8,MEDIUM,True
4f4b7d373235336b75,743.0,Fair,0.03361344537815126,77.4,56.8,MEDIUM,True
333363373c37,495.0,Watchful,0.2533783783783784,77.4,56.5,MEDIUM,True
3332693c3035,513.0,Watchful,0.0,54.8,53.5,MEDIUM,True
3333663c3334,661.0,Fair,0.02926829268292683,54.8,54.3,MEDIUM,True
4f4161283139356b,839.0,Excellent,0.0,56.7,54.3,MEDIUM,True
4f4b7d373336306b7f,374.0,Watchful,0.2533783783783784,54.8,54.3,MEDIUM,True
353161373d32,862.0,Excellent,0.0111731843575419,56.7,54.1,MEDIUM,True
4f53612836343365,697.0,Fair,0.09363295880149813,54.8,50.2,MEDIUM,True
4f4d612831313a6f7f,399.0,Watchful,0.08565866320571058,77.4,56.5,MEDIUM,True
4f4d612831313a6f7f,399.0,Watchful,0.08565866320571058,77.4,56.5,MEDIUM,True
4f416128343436647a,509.0,Watchful,0.0370722433460076,54.8,54.3,MEDIUM,True
4f41612836333a6e74,812.0,Excellent,0.02926829268292683,74.2,56.7,MEDIUM,True
4f4b7d3232363368,862.0,Excellent,0.0,54.8,53.9,MEDIUM,True
4f4b7d3630303b6e7d,835.0,Excellent,0.0,86.7,51.6,HIGH,True
4f4b7d373030306f7c,911.0,Excellent,0.0,83.9,52.0,HIGH,True
4f4d61283730326c7b,456.0,Watchful,0.054388133498145856,77.4,56.5,MEDIUM,True
4f4b6128343834647f,765.0,Excellent,0.0,56.7,54.3,MEDIUM,True
4f4b7d373634366a7c,847.0,Excellent,0.02926829268292683,54.8,54.3,MEDIUM,True
4f41612836333a6574,405.0,Watchful,0.1331168831168831,54.8,54.3,MEDIUM,True
4f41612836333a6574,405.0,Watchful,0.1331168831168831,54.8,54.3,MEDIUM,True
4f40612834313b6c74,612.0,Fair,0.08565866320571058,54.8,54.3,MEDIUM,True
343160323c34,702.0,Fair,0.054388133498145856,54.8,50.1,MEDIUM,True
4f4d6128373532657d,732.0,Fair,0.0,83.9,55.7,HIGH,True
4f4f61283430346b78,774.0,Excellent,0.0,54.8,54.3,MEDIUM,True
333165363738,763.0,Excellent,0.0,56.7,54.1,MEDIUM,True
333165363738,763.0,Excellent,0.0,56.7,54.1,MEDIUM,True
4f416128363933657b,665.0,Fair,0.0111731843575419,54.8,54.3,MEDIUM,True
4f4b7d363030366d7d,893.0,Excellent,0.0,86.7,52.0,HIGH,True
4f4061283435306b7c,818.0,Excellent,0.0370722433460076,83.9,52.0,HIGH,True
4f4b7d36303236697f,699.0,Fair,0.17346938775510204,83.9,51.6,HIGH,True
4f4b7d36303232687e,622.0,Fair,0.09363295880149813,86.7,51.6,HIGH,True
4f4b7d343739316b7e,805.0,Excellent,0.029661016949152543,83.9,47.4,HIGH,True
4f4b7d34313433697c,821.0,Excellent,0.054388133498145856,83.9,52.0,HIGH,True
4f4b7d373235326579,782.0,Excellent,0.0370722433460076,83.9,51.6,HIGH,True
353467303336,796.0,Excellent,0.09363295880149813,76.7,53.1,MEDIUM,True
4f4b7d3436373b6b7d,662.0,Fair,0.054388133498145856,83.9,52.0,HIGH,True
4f4b7d343736336a,801.0,Excellent,0.02926829268292683,83.9,52.0,HIGH,True
4f4b7d343139356974,907.0,Excellent,0.0,83.9,52.0,HIGH,True
4f4b7d3630303a6c7a,880.0,Excellent,0.0,83.9,51.9,HIGH,True
4f4b7d303630356f,868.0,Excellent,0.0,83.9,52.0,HIGH,True
4f4d612834363a6c7b,676.0,Fair,0.0370722433460076,83.9,52.0,HIGH,True
4f4d61283734336474,643.0,Fair,0.42753623188405804,83.9,47.8,HIGH,True
4f4b7d363030366d7d,893.0,Excellent,0.0,86.7,55.7,HIGH,True
4f4b7d343139356974,849.0,Excellent,0.0,83.9,55.7,HIGH,True
4f4b7d343139356974,849.0,Excellent,0.0,83.9,55.7,HIGH,True
4f4b7d343139356974,849.0,Excellent,0.0,83.9,55.7,HIGH,True
4f4b7d343139356974,849.0,Excellent,0.0,83.9,55.7,HIGH,True
4f4b7d343139356974,849.0,Excellent,0.0,83.9,55.7,HIGH,True
4f4b7d343139356974,849.0,Excellent,0.0,83.9,55.7,HIGH,True
4f4b7d343139356974,849.0,Excellent,0.0,83.9,55.7,HIGH,True
4f4b7d343139356974,849.0,Excellent,0.0,83.9,55.7,HIGH,True
4f4b7d36303236697f,640.0,Fair,0.15903614457831325,83.9,55.3,HIGH,True
4f4b7d373235326579,734.0,Fair,0.03361344537815126,83.9,55.3,HIGH,True
4f4b7d343736336a,614.0,Fair,0.029661016949152543,54.8,54.3,MEDIUM,True
4f4b7d3630303a6c7a,819.0,Excellent,0.0,83.9,55.6,HIGH,True
4f4b7d3630303a6c7a,819.0,Excellent,0.0,83.9,55.6,HIGH,True
353467303336,658.0,Fair,0.08565866320571058,56.7,53.5,MEDIUM,True
4f4b7d343739316b7e,598.0,Watchful,0.0370722433460076,54.8,54.3,MEDIUM,True
4f4061283435306b7c,638.0,Fair,0.02926829268292683,54.8,54.3,MEDIUM,True
4f4b7d363032346d7e,800.0,Excellent,0.03361344537815126,83.9,52.0,HIGH,True
4f4b7d343331366d79,827.0,Excellent,0.02926829268292683,83.9,52.0,HIGH,True
4f4b7d3436373b6b7d,651.0,Fair,0.0370722433460076,83.9,55.7,HIGH,True
4f4b7d34313433697c,576.0,Watchful,0.0370722433460076,54.8,54.3,MEDIUM,True
4f4b7d343331366d79,847.0,Excellent,0.0111731843575419,83.9,55.7,HIGH,True
4f4b7d343331366d79,847.0,Excellent,0.0111731843575419,83.9,55.7,HIGH,True
4f4b7d363032346d7e,751.0,Excellent,0.02926829268292683,83.9,55.7,HIGH,True
4f4b7d363032346d7e,751.0,Excellent,0.02926829268292683,83.9,55.7,HIGH,True
4f4b7d303630356f,753.0,Excellent,0.02926829268292683,54.8,50.1,MEDIUM,True
4f4d61283432366978,520.0,Watchful,0.08565866320571058,96.8,57.0,HIGH,True
4f4d64283738306c,825.0,Excellent,0.0,86.7,52.0,HIGH,True
343b673c3134,667.0,Fair,0.08565866320571058,93.5,53.5,HIGH,True
333262363130,773.0,Excellent,0.1948529411764706,96.8,57.5,HIGH,True
4f4b7d343638316a7d,791.0,Excellent,0.0370722433460076,83.9,52.0,HIGH,True
4f4d61283737376974,830.0,Excellent,0.0,80.0,53.2,HIGH,True
4f4d64283738306c,949.0,Excellent,0.0,56.7,53.8,MEDIUM,True
343b673c3134,491.0,Watchful,0.054388133498145856,93.5,57.2,HIGH,True
333262363130,606.0,Fair,0.1948529411764706,96.8,61.1,HIGH,True
4f4b7d343638316a7d,538.0,Watchful,0.0370722433460076,54.8,54.3,MEDIUM,True
4f4b7d343638316a7d,538.0,Watchful,0.0370722433460076,54.8,54.3,MEDIUM,True
4f4d61283737376974,847.0,Excellent,0.0,80.0,56.8,HIGH,True
4f4d61283734336474,299.0,Caution,0.5590551181102362,54.8,54.0,MEDIUM,True
4f4b7d343530326f7a,906.0,Excellent,0.0,86.7,52.0,HIGH,True
4f4d61283439316474,877.0,Excellent,0.02926829268292683,83.9,52.0,HIGH,True
4f4b7d36303531687f,794.0,Excellent,0.0,83.9,52.0,HIGH,True
4f4b7d343530326f7a,896.0,Excellent,0.0,86.7,55.7,HIGH,True
4f4b7d343530326f7a,896.0,Excellent,0.0,86.7,55.7,HIGH,True
4f4b7d36303531687f,808.0,Excellent,0.0,83.9,55.7,HIGH,True
4f4b7d36303531687f,808.0,Excellent,0.0,83.9,55.7,HIGH,True
4f4161283432336b7e,506.0,Watchful,0.15903614457831325,54.8,54.3,MEDIUM,True
4f4161283432336b7e,506.0,Watchful,0.15903614457831325,54.8,54.3,MEDIUM,True
4f4b7d343136316e7b,803.0,Excellent,0.08565866320571058,83.9,52.0,HIGH,True
4f4b7d34303835697e,902.0,Excellent,0.0,80.0,53.2,HIGH,True
4f4b7d363034336878,718.0,Fair,0.08565866320571058,83.9,52.0,HIGH,True
4f4b7d363034336b7e,766.0,Excellent,0.0111731843575419,77.4,53.2,MEDIUM,True
4f4f61283434326474,780.0,Excellent,0.0111731843575419,83.9,52.0,HIGH,True
4f4d61283139316d7b,814.0,Excellent,0.0,86.7,52.0,HIGH,True
4f4b7d343136316e7b,746.0,Fair,0.08565866320571058,83.9,55.7,HIGH,True
4f4f61283434326474,521.0,Watchful,0.02926829268292683,54.8,54.3,MEDIUM,True
4f4b7d363034336878,663.0,Fair,0.08565866320571058,83.9,55.7,HIGH,True
4f4b7d34303835697e,896.0,Excellent,0.0,80.0,56.8,HIGH,True
4f4d61283139316d7b,808.0,Excellent,0.0,86.7,55.7,HIGH,True
343360343030,621.0,Fair,0.42753623188405804,77.4,56.8,MEDIUM,True
4f4d6128363733687b,644.0,Fair,0.0370722433460076,83.9,55.7,HIGH,True
4f4d6128363733687b,644.0,Fair,0.0370722433460076,83.9,55.7,HIGH,True
4f4b7d343630356d78,813.0,Excellent,0.054388133498145856,83.9,52.0,HIGH,True
4f4f61283432326c79,875.0,Excellent,0.054388133498145856,77.4,53.2,MEDIUM,True
4f4b7d343130346b74,819.0,Excellent,0.03361344537815126,83.9,52.0,HIGH,True
4f4161283131316574,558.0,Watchful,0.2533783783783784,93.5,53.5,HIGH,True
4f4b7d373531356a7f,684.0,Fair,0.17346938775510204,93.5,53.5,HIGH,True
4f4b7d363034356475,706.0,Fair,0.15903614457831325,83.9,52.0,HIGH,True
4f4063283735336c,746.0,Fair,0.054388133498145856,86.7,52.0,HIGH,True
343361343533,794.0,Excellent,0.2533783783783784,96.7,57.5,HIGH,True
4f4063283735336c,721.0,Fair,0.054388133498145856,86.7,55.7,HIGH,True
4f4b7d343630356d78,691.0,Fair,0.029661016949152543,83.9,55.7,HIGH,True
4f4b7d373531356a7f,466.0,Watchful,0.1331168831168831,93.5,57.2,HIGH,True
4f4b7d3d34333369,652.0,Fair,0.029661016949152543,54.8,54.1,MEDIUM,True
4f4b7d3d34333369,652.0,Fair,0.029661016949152543,54.8,54.1,MEDIUM,True
4f4b7d3d34333369,652.0,Fair,0.029661016949152543,54.8,54.1,MEDIUM,True
4f4f61283432326c79,595.0,Watchful,0.0370722433460076,77.4,56.8,MEDIUM,True
353560373236,518.0,Watchful,0.17346938775510204,77.4,56.5,MEDIUM,True
4f4b7d343130346b74,675.0,Fair,0.02926829268292683,83.9,55.7,HIGH,True
4f4b7d34313932657f,780.0,Excellent,0.08565866320571058,93.5,53.5,HIGH,True
343b64323239,779.0,Excellent,0.02926829268292683,80.0,41.3,HIGH,True
4f4d612831353a6b7e,739.0,Fair,0.09363295880149813,93.3,53.5,HIGH,True
4f4b7d363037306a78,942.0,Excellent,0.0,86.7,52.0,HIGH,True
4f4b7d36303534657c,680.0,Fair,0.35185185185185186,93.5,53.5,HIGH,True
4f4b7d303d30346a,887.0,Excellent,0.0,83.9,52.0,HIGH,True
4f4b7d3631393a6a7b,820.0,Excellent,0.0,83.9,52.0,HIGH,True
343a63343239,927.0,Excellent,0.054388133498145856,86.7,52.0,HIGH,True
4f4f61283238326f,820.0,Excellent,0.0370722433460076,83.9,52.0,HIGH,True
4f4b7d343636306d79,770.0,Excellent,0.0,86.7,51.9,HIGH,True
4f41612834303b6c7e,816.0,Excellent,0.0370722433460076,83.9,52.0,HIGH,True
4f4f61283238326f,718.0,Fair,0.0370722433460076,83.9,55.7,HIGH,True
4f4b7d36303534657c,585.0,Watchful,0.35185185185185186,93.5,57.2,HIGH,True
4f4b7d34313932657f,660.0,Fair,0.08565866320571058,93.5,57.2,HIGH,True
4f4b7d34313932657f,660.0,Fair,0.08565866320571058,93.5,57.2,HIGH,True
343a63343239,839.0,Excellent,0.029661016949152543,86.7,55.7,HIGH,True
4f4d612834363a6c7b,651.0,Fair,0.0370722433460076,83.9,55.7,HIGH,True
4f4d612834363a6c7b,651.0,Fair,0.0370722433460076,83.9,55.7,HIGH,True
4f4d612834363a6c7b,651.0,Fair,0.0370722433460076,83.9,55.7,HIGH,True
4f4b7d363034356475,530.0,Watchful,0.15903614457831325,83.9,55.7,HIGH,True
4f4b7d363034356475,530.0,Watchful,0.15903614457831325,83.9,55.7,HIGH,True
4f4b7d363037306a78,941.0,Excellent,0.0,86.7,55.7,HIGH,True
4f4b7d343636306d79,768.0,Excellent,0.0,86.7,55.6,HIGH,True
4f4b7d303d30346a,863.0,Excellent,0.0,83.9,55.7,HIGH,True
4f4161283131316574,407.0,Watchful,0.28846153846153844,93.5,57.2,HIGH,True
4f4b7d3631393a6a7b,705.0,Fair,0.0,83.9,55.7,HIGH,True
4f4b7d3631393a6a7b,705.0,Fair,0.0,83.9,55.7,HIGH,True
4f4f61283035306d,454.0,Watchful,0.0,54.8,54.3,MEDIUM,True
4f41612834303b6c7e,794.0,Excellent,0.029661016949152543,83.9,55.7,HIGH,True
4f4d6128313336647e,799.0,Excellent,0.0111731843575419,83.9,52.0,HIGH,True
4f4b7d3732333b6a7b,801.0,Excellent,0.08565866320571058,86.7,51.6,HIGH,True
4f4b7d3030373665,933.0,Excellent,0.0,86.7,52.0,HIGH,True
4f4b7d36303532657d,912.0,Excellent,0.0,86.7,52.0,HIGH,True
333166333637,796.0,Excellent,0.08565866320571058,83.9,52.0,HIGH,True
4f4b7d343133306a7f,839.0,Excellent,0.0,86.7,52.0,HIGH,True
353b63353535,673.0,Fair,0.1948529411764706,83.9,51.2,HIGH,True
4f4b7d3630333a6a7c,770.0,Excellent,0.08565866320571058,83.9,52.0,HIGH,True
4f4061283135376a78,906.0,Excellent,0.0,86.7,51.6,HIGH,True
4f4b7d363136346d7b,777.0,Excellent,0.0370722433460076,83.9,52.0,HIGH,True
4f4b7d37343434647f,676.0,Fair,0.054388133498145856,83.9,52.0,HIGH,True
4f4d61283130366f74,805.0,Excellent,0.08565866320571058,83.9,52.0,HIGH,True
4f4b7d363036316b7f,701.0,Fair,0.2533783783783784,83.9,52.0,HIGH,True
4f4d61283633336c78,753.0,Excellent,0.0111731843575419,86.7,52.0,HIGH,True
4f4e612833303a69,712.0,Fair,0.0370722433460076,83.9,52.0,HIGH,True
4f4b7d343133306a7f,846.0,Excellent,0.0,86.7,55.7,HIGH,True
333166333637,705.0,Fair,0.08565866320571058,83.9,55.7,HIGH,True
4f4b7d3630333a6a7c,531.0,Watchful,0.08565866320571058,83.9,55.7,HIGH,True
4f4b7d3630333a6a7c,531.0,Watchful,0.08565866320571058,83.9,55.7,HIGH,True
4f4b7d37343434647f,692.0,Fair,0.054388133498145856,83.9,55.7,HIGH,True
4f4b7d3030373665,935.0,Excellent,0.0,86.7,55.7,HIGH,True
4f4d61283633336c78,685.0,Fair,0.0111731843575419,86.7,55.7,HIGH,True
4f4b7d3732333b6a7b,816.0,Excellent,0.0370722433460076,86.7,55.3,HIGH,True
4f4061283135376a78,914.0,Excellent,0.0,86.7,55.3,HIGH,True
353b63353535,570.0,Watchful,0.15903614457831325,83.9,54.9,HIGH,True
4f4e612833303a69,343.0,Watchful,0.0370722433460076,83.9,55.7,HIGH,True
4f4b7d363139306a7e,545.0,Watchful,0.08565866320571058,93.5,56.8,HIGH,True
4f4d6128313336647e,826.0,Excellent,0.0111731843575419,83.9,55.7,HIGH,True
4f4d6128313336647e,826.0,Excellent,0.0111731843575419,83.9,55.7,HIGH,True
4f4b7d343537346479,781.0,Excellent,0.2533783783783784,83.9,52.0,HIGH,True
4f4b7d343d33326b7e,806.0,Excellent,0.02926829268292683,83.9,52.0,HIGH,True
4f4b7d34333931647d,661.0,Fair,0.2533783783783784,83.9,52.0,HIGH,True
4f4b7d373732366d7d,776.0,Excellent,0.029661016949152543,77.4,53.2,MEDIUM,True
4f4b7d36303633647c,826.0,Excellent,0.0,83.9,52.0,HIGH,True
4f4b7d3633323a6c,809.0,Excellent,0.0370722433460076,83.9,52.0,HIGH,True
4f4b7d363034316b75,710.0,Fair,0.0111731843575419,86.7,51.9,HIGH,True
4f4d6128303230647d,721.0,Fair,0.15903614457831325,80.0,53.2,HIGH,True
4f4b7d343d33326b7e,694.0,Fair,0.02926829268292683,83.9,55.7,HIGH,True
4f4b7d363034316b75,643.0,Fair,0.0,86.7,55.6,HIGH,True
4f4b7d36303633647c,763.0,Excellent,0.0,83.9,55.7,HIGH,True
4f4b7d36303633647c,763.0,Excellent,0.0,83.9,55.7,HIGH,True
4f4b7d3630303b6e7d,839.0,Excellent,0.0,86.7,55.3,HIGH,True
4f4b7d3630303b6e7d,839.0,Excellent,0.0,86.7,55.3,HIGH,True
4f4b7d3630303b6e7d,839.0,Excellent,0.0,86.7,55.3,HIGH,True
4f4b7d3630303b6e7d,839.0,Excellent,0.0,86.7,55.3,HIGH,True
4f4b7d373734306c7b,766.0,Excellent,0.0,54.8,54.3,MEDIUM,True
4f4b7d373734306c7b,766.0,Excellent,0.0,54.8,54.3,MEDIUM,True
4f4b7d34333931647d,571.0,Watchful,0.1948529411764706,83.9,55.7,HIGH,True
4f4b7d34333931647d,571.0,Watchful,0.1948529411764706,83.9,55.7,HIGH,True
4f4d61283639316f74,533.0,Watchful,0.0,86.7,55.7,HIGH,True
343361343533,843.0,Excellent,0.2533783783783784,96.7,61.2,HIGH,True
4f4b7d373732366d7d,391.0,Watchful,0.029661016949152543,77.4,56.8,MEDIUM,True
4f4b7d36303532657d,846.0,Excellent,0.0,86.7,55.7,HIGH,True
4f4b7d36303532657d,846.0,Excellent,0.0,86.7,55.7,HIGH,True
4f4b7d36303232687e,451.0,Watchful,0.08565866320571058,86.7,55.3,HIGH,True
4f4b7d37303735687d,634.0,Fair,0.0,54.8,54.3,MEDIUM,True
4f4b7d37303735687d,634.0,Fair,0.0,54.8,54.3,MEDIUM,True
4f4d61283238346b,807.0,Excellent,0.0111731843575419,83.9,52.0,HIGH,True
4f4b7d343631356a75,782.0,Excellent,0.1331168831168831,74.2,53.1,MEDIUM,True
4f4b7d3630323a6974,783.0,Excellent,0.0111731843575419,83.9,52.0,HIGH,True
4f4b7d3732313b647a,880.0,Excellent,0.054388133498145856,74.2,53.1,MEDIUM,True
4f4b7d363039336d7a,854.0,Excellent,0.0,86.7,52.0,HIGH,True
353a63373d33,648.0,Fair,0.15903614457831325,83.9,52.0,HIGH,True
4f4b7d3732313b647a,800.0,Excellent,0.0370722433460076,74.2,56.7,MEDIUM,True
353a63373d33,432.0,Watchful,0.15903614457831325,83.9,55.7,HIGH,True
4f4b7d343631356a75,644.0,Fair,0.1331168831168831,74.2,56.7,MEDIUM,True
4f4b7d343631356a75,644.0,Fair,0.1331168831168831,74.2,56.7,MEDIUM,True
353467343330,580.0,Watchful,0.0370722433460076,54.8,53.9,MEDIUM,True
4f4b7d3630323a6974,798.0,Excellent,0.0111731843575419,83.9,55.7,HIGH,True
4f4b7d34363731697d,769.0,Excellent,0.03361344537815126,86.7,52.0,HIGH,True
4f4b7d343233336d7f,761.0,Excellent,0.2251655629139073,77.4,53.2,MEDIUM,True
4f4d6128303233657a,786.0,Excellent,0.09363295880149813,77.4,53.2,MEDIUM,True
4f4b7d363033306c7b,817.0,Excellent,0.0,83.9,51.9,HIGH,True
4f4b7d373337336c7e,840.0,Excellent,0.0,76.7,51.5,MEDIUM,True
4f4b7d3637393b69,765.0,Excellent,0.08565866320571058,83.9,52.0,HIGH,True
4f4b61283333316a,835.0,Excellent,0.0,86.7,51.9,HIGH,True
4f4b7d363039326c7d,825.0,Excellent,0.0111731843575419,83.9,52.0,HIGH,True
4f4b61283333316a,710.0,Fair,0.0,86.7,55.6,HIGH,True
4f4b7d343233336d7f,705.0,Fair,0.1948529411764706,77.4,56.8,MEDIUM,True
4f4b61283333316a,710.0,Fair,0.0,86.7,55.6,HIGH,True
4f4b7d34363731697d,672.0,Fair,0.03361344537815126,86.7,55.7,HIGH,True
4f4b7d34363731697d,672.0,Fair,0.03361344537815126,86.7,55.7,HIGH,True
4f4d6128303233657a,617.0,Fair,0.15286624203821655,77.4,56.8,MEDIUM,True
4f4b7d373432366f7e,630.0,Fair,0.0111731843575419,54.8,53.5,MEDIUM,True
4f4b7d3637393b69,679.0,Fair,0.054388133498145856,83.9,55.7,HIGH,True
4f416128363235697a,721.0,Fair,0.02926829268292683,83.9,55.7,HIGH,True
4f4d6128303230647d,663.0,Fair,0.10218978102189781,80.0,56.8,HIGH,True
4f4b7d373736306b79,827.0,Excellent,0.0,83.9,52.0,HIGH,True
4f4b7d363039336b7f,785.0,Excellent,0.0370722433460076,83.9,52.0,HIGH,True
4f4b7d3732353b6e78,695.0,Fair,0.0370722433460076,83.9,52.0,HIGH,True
4f4b7d343133336f79,775.0,Excellent,0.0,83.9,52.0,HIGH,True
4f4b7d343335376e7f,701.0,Fair,0.054388133498145856,86.7,50.4,HIGH,True
4f4b7d3730343b6e7f,923.0,Excellent,0.0,86.7,51.2,HIGH,True
4f4b7d343233326f74,763.0,Excellent,0.0,86.7,51.6,HIGH,True
4f4b7d34373930647f,793.0,Excellent,0.0,83.9,52.0,HIGH,True
4f4b7d37343831697d,811.0,Excellent,0.0370722433460076,83.9,52.0,HIGH,True
4f406128313130697a,793.0,Excellent,0.0,86.7,52.0,HIGH,True
4f4161283431346c78,834.0,Excellent,0.03361344537815126,86.7,52.0,HIGH,True
4f4b7d34303237657d,770.0,Excellent,0.08565866320571058,83.9,52.0,HIGH,True
4f4b61283630336d,781.0,Excellent,0.054388133498145856,86.7,52.0,HIGH,True
4f4b7d3437363a6e7f,817.0,Excellent,0.0111731843575419,83.9,52.0,HIGH,True
4f4161283431346c78,750.0,Excellent,0.02926829268292683,86.7,55.7,HIGH,True
4f406128313130697a,816.0,Excellent,0.0,86.7,55.7,HIGH,True
4f4b7d37343831697d,478.0,Watchful,0.0370722433460076,83.9,55.7,HIGH,True
4f4b7d3732353b6e78,550.0,Watchful,0.0370722433460076,83.9,55.7,HIGH,True
4f4b7d343335376e7f,552.0,Watchful,0.054388133498145856,86.7,54.1,HIGH,True
4f4b7d343233326f74,765.0,Excellent,0.0,86.7,55.3,HIGH,True
4f4b7d34373930647f,713.0,Fair,0.0,83.9,55.7,HIGH,True
4f4b7d363033306c7b,837.0,Excellent,0.0,83.9,55.6,HIGH,True
4f4b7d373337336c7e,842.0,Excellent,0.0,76.7,55.2,MEDIUM,True
4f4b7d373030306f7c,929.0,Excellent,0.0,83.9,55.7,HIGH,True
4f4b7d373736306b79,768.0,Excellent,0.0,83.9,55.7,HIGH,True
4f4b7d373736306b79,768.0,Excellent,0.0,83.9,55.7,HIGH,True
4f4b7d363039336b7f,662.0,Fair,0.03361344537815126,83.9,55.7,HIGH,True
4f4b7d3437363a6e7f,859.0,Excellent,0.0111731843575419,83.9,55.7,HIGH,True
4f4b7d343133336f79,814.0,Excellent,0.0,83.9,55.7,HIGH,True
4f4b7d343133336f79,814.0,Excellent,0.0,83.9,55.7,HIGH,True
4f4b7d363039336d7a,778.0,Excellent,0.0,86.7,55.7,HIGH,True
4f4061283734366a7d,774.0,Excellent,0.054388133498145856,83.9,52.0,HIGH,True
4f4b7d343d33336d7b,805.0,Excellent,0.08565866320571058,83.9,52.0,HIGH,True
4f4b7d343d323b6a78,818.0,Excellent,0.054388133498145856,83.9,52.0,HIGH,True
4f4b7d37363633647c,814.0,Excellent,0.0111731843575419,86.7,52.0,HIGH,True
4f4b7d363038366e78,814.0,Excellent,0.08565866320571058,83.9,51.2,HIGH,True
4f4b61283d323068,784.0,Excellent,0.054388133498145856,83.9,52.0,HIGH,True
4f4e61283c383a6b,668.0,Fair,0.10218978102189781,83.9,52.0,HIGH,True
4f4b7d363038366e78,521.0,Watchful,0.08565866320571058,83.9,54.9,HIGH,True
4f4b7d363038366e78,521.0,Watchful,0.08565866320571058,83.9,54.9,HIGH,True
4f4061283734366a7d,744.0,Fair,0.054388133498145856,83.9,55.7,HIGH,True
4f4061283734366a7d,744.0,Fair,0.054388133498145856,83.9,55.7,HIGH,True
4f4b7d343d33336d7b,628.0,Fair,0.08565866320571058,83.9,55.7,HIGH,True
4f4e61283c383a6b,534.0,Watchful,0.08565866320571058,83.9,55.7,HIGH,True
4f4b7d34333332,720.0,Fair,0.02926829268292683,54.8,54.3,MEDIUM,True
4f4b7d3730343b6e7f,870.0,Excellent,0.0,86.7,54.9,HIGH,True
4f4b7d37363633647c,778.0,Excellent,0.0111731843575419,86.7,55.7,HIGH,True
4f4d612831323a697f,720.0,Fair,0.0,54.8,54.3,MEDIUM,True
4f4b7d363036316b7f,671.0,Fair,0.2533783783783784,83.9,55.7,HIGH,True
333168363c36,711.0,Fair,0.0370722433460076,54.8,53.9,MEDIUM,True
4f4d61283238346b,618.0,Fair,0.02926829268292683,83.9,55.7,HIGH,True
4f4d61283238346b,618.0,Fair,0.02926829268292683,83.9,55.7,HIGH,True
4f4f61283c363369,696.0,Fair,0.0111731843575419,54.8,53.9,MEDIUM,True
4f4b7d343d323b6a78,714.0,Fair,0.0370722433460076,83.9,55.7,HIGH,True
4f406128373130687a,757.0,Excellent,0.2533783783783784,83.9,52.0,HIGH,True
4f4b7d343031336c7a,729.0,Fair,0.054388133498145856,83.9,52.0,HIGH,True
4f4b7d373139376974,669.0,Fair,0.08565866320571058,83.9,52.0,HIGH,True
4f4b7d3730313b697b,804.0,Excellent,0.0,80.0,52.7,HIGH,True
4f4b7d3630353a687e,779.0,Excellent,0.08565866320571058,93.5,57.2,HIGH,True
4f4b7d36303831657a,804.0,Excellent,0.029661016949152543,80.6,51.7,HIGH,True
4f4b7d363331336d7a,898.0,Excellent,0.0,86.7,52.0,HIGH,True
4f4b7d3630353a687e,684.0,Fair,0.08565866320571058,93.5,60.9,HIGH,True
4f406128373130687a,754.0,Excellent,0.08565866320571058,83.9,55.7,HIGH,True
4f4b7d36303831657a,761.0,Excellent,0.02926829268292683,80.6,55.4,HIGH,True
4f4b7d343537346479,690.0,Fair,0.15903614457831325,83.9,55.7,HIGH,True
4f4b7d3730313b697b,692.0,Fair,0.0,80.0,56.4,HIGH,True
4f4b7d343031336c7a,672.0,Fair,0.054388133498145856,83.9,55.7,HIGH,True
4f4b7d343031336c7a,672.0,Fair,0.054388133498145856,83.9,55.7,HIGH,True
4f4b7d343031336c7a,672.0,Fair,0.054388133498145856,83.9,55.7,HIGH,True
4f4d61283439316474,808.0,Excellent,0.0111731843575419,83.9,55.7,HIGH,True
4f4b61283630336d,761.0,Excellent,0.0370722433460076,86.7,55.7,HIGH,True
4f4b61283630336d,761.0,Excellent,0.0370722433460076,86.7,55.7,HIGH,True
343065313535,804.0,Excellent,0.0370722433460076,83.9,52.0,HIGH,True
343b61343d30,692.0,Fair,0.15903614457831325,93.5,53.5,HIGH,True
4f4161283133356b7e,733.0,Fair,0.08565866320571058,93.5,53.5,HIGH,True
4f4b7d3430323a6a78,804.0,Excellent,0.0370722433460076,86.7,52.0,HIGH,True
4f4b7d373031316f,759.0,Excellent,0.0,86.7,52.0,HIGH,True
4f4b7d373230326b7a,833.0,Excellent,0.0,83.9,52.0,HIGH,True
4f4b7d363032366a79,572.0,Watchful,0.08565866320571058,83.9,52.0,HIGH,True
4f4b7d363331306e74,824.0,Excellent,0.0,86.7,39.5,HIGH,True
4f4f61283433336a,749.0,Fair,0.09363295880149813,93.5,53.5,HIGH,True
343065313535,700.0,Fair,0.03361344537815126,83.9,55.7,HIGH,True
4f4f61283433336a,721.0,Fair,0.08565866320571058,93.5,57.2,HIGH,True
4f4b7d363032366a79,477.0,Watchful,0.054388133498145856,83.9,55.7,HIGH,True
4f4b7d363032366a79,477.0,Watchful,0.054388133498145856,83.9,55.7,HIGH,True
4f4b7d363032366a79,477.0,Watchful,0.054388133498145856,83.9,55.7,HIGH,True
4f4b7d363032366a79,477.0,Watchful,0.054388133498145856,83.9,55.7,HIGH,True
4f4b7d363032366a79,477.0,Watchful,0.054388133498145856,83.9,55.7,HIGH,True
353164353638,661.0,Fair,0.1331168831168831,96.8,60.4,HIGH,True
353164353638,661.0,Fair,0.1331168831168831,96.8,60.4,HIGH,True
4f4b7d363331306e74,813.0,Excellent,0.0,86.7,43.2,HIGH,True
4f4b7d3430323a6a78,726.0,Fair,0.0370722433460076,86.7,55.7,HIGH,True
4f4161283133356b7e,561.0,Watchful,0.08565866320571058,93.5,57.2,HIGH,True
4f4b7d373031316f,770.0,Excellent,0.0,86.7,55.7,HIGH,True
4f4b7d34303237657d,602.0,Fair,0.054388133498145856,83.9,55.7,HIGH,True
343b61343d30,498.0,Watchful,0.15903614457831325,93.5,57.2,HIGH,True
4f4b7d343435326f7b,687.0,Fair,0.1948529411764706,93.5,53.5,HIGH,True
4f4b7d343138326c78,807.0,Excellent,0.0111731843575419,83.9,52.0,HIGH,True
4f4b7d343331376e7a,902.0,Excellent,0.0,86.7,52.0,HIGH,True
4f4b7d34353333697d,817.0,Excellent,0.02926829268292683,83.9,51.6,HIGH,True
4f4161283738306579,687.0,Fair,0.08565866320571058,83.9,52.0,HIGH,True
4f4b7d373332306e7b,902.0,Excellent,0.0,86.7,51.1,HIGH,True
4f4b7d343436366d,812.0,Excellent,0.03361344537815126,86.7,52.0,HIGH,True
4f4b7d373439346c79,952.0,Excellent,0.0,86.7,52.0,HIGH,True
4f4b7d3733343a6d74,801.0,Excellent,0.0,83.9,52.0,HIGH,True
4f4b7d363331346c74,774.0,Excellent,0.08565866320571058,83.9,51.6,HIGH,True
4f4b7d343435326f7b,437.0,Watchful,0.1948529411764706,93.5,57.2,HIGH,True
4f4b7d343436366d,731.0,Fair,0.02926829268292683,86.7,55.7,HIGH,True
4f4b7d343331376e7a,901.0,Excellent,0.0,86.7,55.7,HIGH,True
4f4b7d343331376e7a,901.0,Excellent,0.0,86.7,55.7,HIGH,True
4f4b7d373332306e7b,649.0,Fair,0.0,86.7,54.8,HIGH,True
4f4b7d34353333697d,843.0,Excellent,0.0111731843575419,83.9,55.3,HIGH,True
4f4b7d373230326b7a,818.0,Excellent,0.0,83.9,55.7,HIGH,True
4f4b7d343138326c78,662.0,Fair,0.0,83.9,55.7,HIGH,True
4f4b7d343138326c78,662.0,Fair,0.0,83.9,55.7,HIGH,True
4f4b7d373439346c79,941.0,Excellent,0.0,86.7,55.7,HIGH,True
4f4b7d373439346c79,941.0,Excellent,0.0,86.7,55.7,HIGH,True
4f4b7d363331346c74,653.0,Fair,0.054388133498145856,83.9,55.3,HIGH,True
4f4b7d3733343a6d74,809.0,Excellent,0.0,83.9,55.7,HIGH,True
4f4b7d363039326b7e,797.0,Excellent,0.054388133498145856,86.7,52.0,HIGH,True
4f4b7d363034316a7a,757.0,Excellent,0.1331168831168831,83.9,52.0,HIGH,True
4f4b7d343630326b7c,810.0,Excellent,0.0111731843575419,86.7,52.0,HIGH,True
4f4f612834353b6d75,755.0,Excellent,0.0370722433460076,77.4,53.2,MEDIUM,True
4f4d6128303130657d,790.0,Excellent,0.0370722433460076,83.9,52.0,HIGH,True
4f4b7d373231366e7b,822.0,Excellent,0.0111731843575419,77.4,53.2,MEDIUM,True
4f4b7d34363032697e,812.0,Excellent,0.08565866320571058,83.9,52.0,HIGH,True
4f4b7d3733353b687f,829.0,Excellent,0.0,83.9,52.0,HIGH,True
4f4b7d343630326b7c,734.0,Fair,0.0111731843575419,86.7,55.7,HIGH,True
4f4b7d363039326b7e,525.0,Watchful,0.054388133498145856,86.7,55.7,HIGH,True
4f4b7d363039326b7e,525.0,Watchful,0.054388133498145856,86.7,55.7,HIGH,True
4f4b7d373637336874,824.0,Excellent,0.0,83.9,55.7,HIGH,True
4f4b7d373637336874,824.0,Excellent,0.0,83.9,55.7,HIGH,True
4f4b7d3733353b687f,849.0,Excellent,0.0,83.9,55.7,HIGH,True
353660373730,434.0,Watchful,0.10218978102189781,83.9,55.7,HIGH,True
4f4b7d363036356a78,781.0,Excellent,0.0111731843575419,83.9,52.0,HIGH,True
4f4d612831373a6978,625.0,Fair,0.08565866320571058,83.9,52.0,HIGH,True
4f4b7d363036356a78,743.0,Fair,0.0,83.9,55.7,HIGH,True
4f4d612831373a6978,435.0,Watchful,0.08565866320571058,83.9,55.7,HIGH,True
4f4b7d363034316a7a,688.0,Fair,0.09363295880149813,83.9,55.7,HIGH,True
4f4b7d3132393064,626.0,Fair,0.2533783783783784,96.7,61.2,HIGH,True
4f4b61283d323068,680.0,Fair,0.0370722433460076,83.9,55.7,HIGH,True
4f4b61283d323068,680.0,Fair,0.0370722433460076,83.9,55.7,HIGH,True
4f4b61283d323068,680.0,Fair,0.0370722433460076,83.9,55.7,HIGH,True
4f4b61283d323068,680.0,Fair,0.0370722433460076,83.9,55.7,HIGH,True
4f4b7d3633383065,830.0,Excellent,0.0,80.0,52.7,HIGH,True
4f4061283732376e7d,887.0,Excellent,0.02926829268292683,83.9,47.8,HIGH,True
4f4b7d343335326c78,804.0,Excellent,0.1331168831168831,83.9,52.0,HIGH,True
4f4d612830333669,811.0,Excellent,0.0370722433460076,83.9,52.0,HIGH,True
4f4b7d36333330687d,827.0,Excellent,0.0,83.9,52.0,HIGH,True
4f4b7d343630316474,781.0,Excellent,0.03361344537815126,77.4,53.2,MEDIUM,True
4f4b7d363330346b7a,869.0,Excellent,0.0370722433460076,83.9,52.0,HIGH,True
4f4b7d37373233687b,707.0,Fair,0.029661016949152543,86.7,52.0,HIGH,True
4f4d61283433316b7b,679.0,Fair,0.08565866320571058,83.9,52.0,HIGH,True
4f40612837313168,819.0,Excellent,0.054388133498145856,83.9,52.0,HIGH,True
4f4b7d343134376f7c,779.0,Excellent,0.02926829268292683,83.9,52.0,HIGH,True
4f4b7d343134376f7c,795.0,Excellent,0.0111731843575419,83.9,55.7,HIGH,True
4f4b7d343134376f7c,795.0,Excellent,0.0111731843575419,83.9,55.7,HIGH,True
4f4061283732376e7d,715.0,Fair,0.029661016949152543,83.9,51.5,HIGH,True
4f4b7d37373233687b,728.0,Fair,0.0,86.7,55.7,HIGH,True
4f4b7d37373233687b,728.0,Fair,0.0,86.7,55.7,HIGH,True
4f40612837313168,748.0,Fair,0.0370722433460076,83.9,55.7,HIGH,True
4f4b7d363330346b7a,690.0,Fair,0.0370722433460076,83.9,55.7,HIGH,True
4f4b7d363330346b7a,690.0,Fair,0.0370722433460076,83.9,55.7,HIGH,True
4f4b7d36333330687d,864.0,Excellent,0.0,83.9,55.7,HIGH,True
4f4d61283433316b7b,610.0,Fair,0.03361344537815126,83.9,55.7,HIGH,True
4f4b7d343630316474,661.0,Fair,0.03361344537815126,77.4,56.8,MEDIUM,True
4f4d612830333669,743.0,Fair,0.03361344537815126,83.9,55.7,HIGH,True
4f4d61283632376578,812.0,Excellent,0.02926829268292683,83.9,52.0,HIGH,True
4f4b7d37303636687d,831.0,Excellent,0.0,83.9,52.0,HIGH,True
4f4b7d3431383a6b7e,790.0,Excellent,0.08565866320571058,83.9,52.0,HIGH,True
353765373435,647.0,Fair,0.1331168831168831,96.8,57.5,HIGH,True
4f4d61283632376578,749.0,Fair,0.0111731843575419,93.5,57.2,HIGH,True
4f4d61283632376578,749.0,Fair,0.0111731843575419,93.5,57.2,HIGH,True
4f4b7d37303636687d,676.0,Fair,0.0,83.9,55.7,HIGH,True
4f4b7d363034336b7e,618.0,Fair,0.03361344537815126,77.4,56.8,MEDIUM,True
4f4b7d363034336b7e,618.0,Fair,0.03361344537815126,77.4,56.8,MEDIUM,True
4f4b7d373139376974,507.0,Watchful,0.08565866320571058,83.9,55.7,HIGH,True
4f4b7d363331316b7e,788.0,Excellent,0.08565866320571058,83.9,52.0,HIGH,True
4f4b7d3733323b6f79,833.0,Excellent,0.0,86.7,52.0,HIGH,True
4f4b7d363330346c7c,906.0,Excellent,0.0,80.0,53.2,HIGH,True
4f4d6128303536647c,752.0,Excellent,0.02926829268292683,83.9,52.0,HIGH,True
4f4b7d36333133647c,759.0,Excellent,0.08565866320571058,83.9,52.0,HIGH,True
4f4d61283c383b68,881.0,Excellent,0.10218978102189781,93.5,49.3,HIGH,True
4f4b7d363331316b7e,618.0,Fair,0.08565866320571058,83.9,55.7,HIGH,True
4f4b7d36333133647c,641.0,Fair,0.08565866320571058,83.9,55.7,HIGH,True
4f4b7d36333133647c,641.0,Fair,0.08565866320571058,83.9,55.7,HIGH,True
4f4b7d363330346c7c,897.0,Excellent,0.0,80.0,56.8,HIGH,True
4f4b7d3733323b6f79,843.0,Excellent,0.0,86.7,55.7,HIGH,True
4f4b7d3733323b6f79,843.0,Excellent,0.0,86.7,55.7,HIGH,True
4f4b7d3431383a6b7e,625.0,Fair,0.054388133498145856,83.9,55.7,HIGH,True
4f4b7d34373637657c,800.0,Excellent,0.03361344537815126,83.9,52.0,HIGH,True
4f4b7d3733353b6e7c,798.0,Excellent,0.02926829268292683,86.7,52.0,HIGH,True
4f4d61283434326875,757.0,Excellent,0.08565866320571058,83.9,52.0,HIGH,True
4f4b7d34363933697b,668.0,Fair,0.0370722433460076,83.9,52.0,HIGH,True
4f4061283438346b,723.0,Fair,0.0370722433460076,83.9,52.0,HIGH,True
4f4b6128343334657e,794.0,Excellent,0.08565866320571058,83.9,52.0,HIGH,True
4f4b6128343334657e,485.0,Watchful,0.08565866320571058,83.9,55.7,HIGH,True
4f4b7d34373637657c,641.0,Fair,0.02926829268292683,83.9,55.7,HIGH,True
4f4061283438346b,703.0,Fair,0.0370722433460076,83.9,55.7,HIGH,True
4f4061283438346b,703.0,Fair,0.0370722433460076,83.9,55.7,HIGH,True
4f4b7d34363933697b,633.0,Fair,0.03361344537815126,83.9,55.7,HIGH,True
4f4b7d34363933697b,633.0,Fair,0.03361344537815126,83.9,55.7,HIGH,True
4f4d61283434326875,502.0,Watchful,0.08565866320571058,83.9,55.7,HIGH,True
4f4d61283434326875,502.0,Watchful,0.08565866320571058,83.9,55.7,HIGH,True
4f4b7d3733353b6e7c,721.0,Fair,0.0111731843575419,86.7,55.7,HIGH,True
4f4b7d3733353b6e7c,721.0,Fair,0.0111731843575419,86.7,55.7,HIGH,True
4f4b7d3733353b6e7c,721.0,Fair,0.0111731843575419,86.7,55.7,HIGH,True
4f4b7d373637376475,632.0,Fair,0.0,56.7,54.3,MEDIUM,True
4f4b7d363333366d7d,729.0,Fair,0.0,86.7,39.5,HIGH,True
4f4b7d363332316b78,823.0,Excellent,0.02926829268292683,83.9,52.0,HIGH,True
4f40612832303369,815.0,Excellent,0.054388133498145856,86.7,52.0,HIGH,True
4f4161283437316f7e,882.0,Excellent,0.054388133498145856,86.7,52.0,HIGH,True
4f4e61283131356a,724.0,Fair,0.09363295880149813,83.9,50.8,HIGH,True
4f4b7d3136343a6c,784.0,Excellent,0.1948529411764706,93.5,53.5,HIGH,True
4f4b7d36333030657c,806.0,Excellent,0.0370722433460076,83.9,52.0,HIGH,True
4f4e61283131356a,583.0,Watchful,0.08565866320571058,83.9,54.5,HIGH,True
4f4b7d36333030657c,744.0,Fair,0.03361344537815126,83.9,55.7,HIGH,True
4f40612832303369,738.0,Fair,0.054388133498145856,86.7,55.7,HIGH,True
4f416128363736687a,675.0,Fair,0.054388133498145856,83.9,55.7,HIGH,True
4f4b7d363333366d7d,722.0,Fair,0.0,86.7,43.2,HIGH,True
4f4b7d363333366d7d,722.0,Fair,0.0,86.7,43.2,HIGH,True
4f4b7d3736303a6c7a,827.0,Excellent,0.02926829268292683,83.9,52.0,HIGH,True
4f4b7d3630393a6a7a,817.0,Excellent,0.0370722433460076,83.9,52.0,HIGH,True
4f4b7d303438336e,783.0,Excellent,0.02926829268292683,83.9,52.0,HIGH,True
4f4b7d36333236697f,725.0,Fair,0.054388133498145856,83.9,52.0,HIGH,True
4f4d61283d323b6b,710.0,Fair,0.0111731843575419,86.7,52.0,HIGH,True
4f4b7d36333236697f,657.0,Fair,0.0370722433460076,83.9,55.7,HIGH,True
4f4b7d3736303a6c7a,862.0,Excellent,0.0111731843575419,83.9,55.7,HIGH,True
4f4b7d3736303a6c7a,862.0,Excellent,0.0111731843575419,83.9,55.7,HIGH,True
4f4b7d303438336e,576.0,Watchful,0.0111731843575419,83.9,55.7,HIGH,True
4f4b7d303438336e,576.0,Watchful,0.0111731843575419,83.9,55.7,HIGH,True
4f4b7d3633383065,730.0,Fair,0.0,80.0,56.4,HIGH,True
4f4b7d3633383065,730.0,Fair,0.0,80.0,56.4,HIGH,True
4f4b7d3c3139,746.0,Fair,0.0,56.7,41.7,MEDIUM,True
4f4b7d3c3139,746.0,Fair,0.0,56.7,41.7,MEDIUM,True
4f4d61283d323b6b,699.0,Fair,0.0111731843575419,86.7,55.7,HIGH,True
4f4b7d3633323a6878,655.0,Fair,0.08565866320571058,83.9,51.5,HIGH,True
4f4b7d363335316f7c,789.0,Excellent,0.0,83.9,52.0,HIGH,True
4f4b7d343233316a79,714.0,Fair,0.0,86.7,51.6,HIGH,True
4f4b7d363d36306f,672.0,Fair,0.10218978102189781,83.9,52.0,HIGH,True
343364353139,664.0,Fair,0.08565866320571058,83.9,51.6,HIGH,True
4f4b7d373231336578,743.0,Fair,0.0,76.7,53.1,MEDIUM,True
4f4b7d373231366d78,910.0,Excellent,0.0,77.4,53.2,MEDIUM,True
343364353139,667.0,Fair,0.08565866320571058,83.9,55.3,HIGH,True
4f4b7d373231336578,733.0,Fair,0.0,76.7,56.7,MEDIUM,True
4f4b7d3633323a6878,401.0,Watchful,0.054388133498145856,83.9,55.1,HIGH,True
4f4b7d3633323a6878,401.0,Watchful,0.054388133498145856,83.9,55.1,HIGH,True
4f4b7d373231366e7b,748.0,Fair,0.0,77.4,56.8,MEDIUM,True
4f4b7d373231366d78,930.0,Excellent,0.0,77.4,56.8,MEDIUM,True
4f4b7d343233316a79,718.0,Fair,0.0,86.7,55.3,HIGH,True
4f4b7d363d36306f,500.0,Watchful,0.08565866320571058,83.9,55.7,HIGH,True
4f4b7d363335316f7c,629.0,Fair,0.0,83.9,55.7,HIGH,True
4f4161283d363468,748.0,Fair,0.02926829268292683,83.9,55.7,HIGH,True
4f4b7d36333431647f,731.0,Fair,0.0,80.0,52.7,HIGH,True
4f4b7d363332346d74,810.0,Excellent,0.0,86.7,52.0,HIGH,True
4f4b7d36303033687d,806.0,Excellent,0.08565866320571058,77.4,53.2,MEDIUM,True
4f4b7d34373436697e,829.0,Excellent,0.0370722433460076,86.7,51.9,HIGH,True
4f4b7d373638316474,746.0,Fair,0.08565866320571058,83.9,51.2,HIGH,True
4f4d62283433316e79,784.0,Excellent,0.0370722433460076,86.7,52.0,HIGH,True
4f4b7d3733383a6d7b,935.0,Excellent,0.0,80.0,53.2,HIGH,True
4f4b7d34373436697e,782.0,Excellent,0.02926829268292683,86.7,55.6,HIGH,True
4f4b7d34373436697e,782.0,Excellent,0.02926829268292683,86.7,55.6,HIGH,True
4f4d62283433316e79,718.0,Fair,0.0370722433460076,86.7,55.7,HIGH,True
4f4b7d363332346d74,808.0,Excellent,0.0,86.7,55.7,HIGH,True
4f4b7d363332346d74,808.0,Excellent,0.0,86.7,55.7,HIGH,True
4f4b7d36333431647f,622.0,Fair,0.0,80.0,56.4,HIGH,True
4f4b7d36333431647f,622.0,Fair,0.0,80.0,56.4,HIGH,True
4f4b7d343335326c78,669.0,Fair,0.08565866320571058,83.9,55.7,HIGH,True
4f4b7d36303033687d,508.0,Watchful,0.08565866320571058,77.4,56.8,MEDIUM,True
4f4b7d373638316474,548.0,Watchful,0.08565866320571058,83.9,54.9,HIGH,True
4f4b7d3136343a6c,572.0,Watchful,0.1948529411764706,93.5,57.2,HIGH,True
343a62333d38,827.0,Excellent,0.0,86.7,52.0,HIGH,True
4f4b7d363334376e7f,759.0,Excellent,0.15903614457831325,83.9,52.0,HIGH,True
4f416128313033697b,709.0,Fair,0.054388133498145856,83.9,52.0,HIGH,True
4f4b7d323537356d,836.0,Excellent,0.0111731843575419,86.7,52.0,HIGH,True
4f41612837303a657c,924.0,Excellent,0.0,86.7,52.0,HIGH,True
4f4b7d343539316e7b,518.0,Watchful,0.0111731843575419,86.7,51.9,HIGH,True
4f41612832363765,816.0,Excellent,0.0,83.9,52.0,HIGH,True
4f4b7d363337306b7f,707.0,Fair,0.0,86.7,52.0,HIGH,True
4f4b7d3c3031306e,813.0,Excellent,0.08565866320571058,83.9,52.0,HIGH,True
4f4b7d363334376e7f,645.0,Fair,0.09363295880149813,83.9,55.7,HIGH,True
4f41612837303a657c,875.0,Excellent,0.0,86.7,55.7,HIGH,True
4f41612837303a657c,875.0,Excellent,0.0,86.7,55.7,HIGH,True
4f41612837303a657c,875.0,Excellent,0.0,86.7,55.7,HIGH,True
343a62333d38,763.0,Excellent,0.0,86.7,55.7,HIGH,True
4f41612832363765,730.0,Fair,0.0,83.9,55.7,HIGH,True
4f4b7d363337306b7f,612.0,Fair,0.0,86.7,55.7,HIGH,True
4f4b7d3c3031306e,563.0,Watchful,0.08565866320571058,83.9,55.7,HIGH,True
4f4b7d3633323a6c,693.0,Fair,0.03361344537815126,83.9,55.7,HIGH,True
4f416128313033697b,522.0,Watchful,0.054388133498145856,83.9,55.7,HIGH,True
4f416128313033697b,522.0,Watchful,0.054388133498145856,83.9,55.7,HIGH,True
4f416128313033697b,522.0,Watchful,0.054388133498145856,83.9,55.7,HIGH,True
4f4b7d363332316b78,867.0,Excellent,0.0111731843575419,83.9,55.7,HIGH,True
4f4d612831353a6b7e,683.0,Fair,0.08565866320571058,93.3,57.2,HIGH,True
4f4b7d343539316e7b,439.0,Watchful,0.0,86.7,55.6,HIGH,True
4f4b7d343539316e7b,439.0,Watchful,0.0,86.7,55.6,HIGH,True
4f4b7d343539316e7b,439.0,Watchful,0.0,86.7,55.6,HIGH,True
3336643d3c30,812.0,Excellent,0.0,86.7,52.0,HIGH,True
3432643c3d30,772.0,Excellent,0.2533783783783784,96.8,57.5,HIGH,True
4f4f61283433346b7b,924.0,Excellent,0.029661016949152543,77.4,53.2,MEDIUM,True
4f4b7d3730343b6b7d,811.0,Excellent,0.08565866320571058,83.9,52.0,HIGH,True
4f53612834343369,619.0,Fair,0.28846153846153844,93.5,49.3,HIGH,True
4f55612834343164,677.0,Fair,0.03361344537815126,86.7,51.6,HIGH,True
4f4b7d3731373a6a7c,818.0,Excellent,0.0,83.9,52.0,HIGH,True
343b68313c34,702.0,Fair,0.08565866320571058,83.9,52.0,HIGH,True
4f4f61283d37316f,600.0,Watchful,0.0370722433460076,77.4,53.2,MEDIUM,True
4f41612837373365,782.0,Excellent,0.0370722433460076,93.5,53.5,HIGH,True
4f4d61283030376875,665.0,Fair,0.08565866320571058,83.9,52.0,HIGH,True
4f4d61283030376875,564.0,Watchful,0.054388133498145856,83.9,55.7,HIGH,True
4f4b7d3730343b6b7d,630.0,Fair,0.08565866320571058,83.9,55.7,HIGH,True
4f4b7d3730343b6b7d,630.0,Fair,0.08565866320571058,83.9,55.7,HIGH,True
4f41612837373365,794.0,Excellent,0.0370722433460076,93.5,57.2,HIGH,True
4f55612834343164,707.0,Fair,0.0111731843575419,86.7,55.3,HIGH,True
4f55612834343164,707.0,Fair,0.0111731843575419,86.7,55.3,HIGH,True
3336643d3c30,809.0,Excellent,0.0,86.7,55.7,HIGH,True
3336643d3c30,809.0,Excellent,0.0,86.7,55.7,HIGH,True
3336643d3c30,809.0,Excellent,0.0,86.7,55.7,HIGH,True
3336643d3c30,809.0,Excellent,0.0,86.7,55.7,HIGH,True
4f4b7d3731373a6a7c,839.0,Excellent,0.0,83.9,55.7,HIGH,True
4f4b7d3731373a6a7c,839.0,Excellent,0.0,83.9,55.7,HIGH,True
4f53612834343369,457.0,Watchful,0.34426229508196715,93.5,53.0,HIGH,True
4f53612834343369,457.0,Watchful,0.34426229508196715,93.5,53.0,HIGH,True
3432643c3d30,525.0,Watchful,0.2533783783783784,96.8,61.2,HIGH,True
4f4f61283d37316f,573.0,Watchful,0.0370722433460076,77.4,56.8,MEDIUM,True
343b68313c34,517.0,Watchful,0.054388133498145856,83.9,55.7,HIGH,True
4f4d61283732356f79,801.0,Excellent,0.08565866320571058,83.9,52.0,HIGH,True
4f4e61283733306b,809.0,Excellent,0.02926829268292683,83.9,52.0,HIGH,True
4f4e61283733306b,724.0,Fair,0.0111731843575419,83.9,55.7,HIGH,True
4f4d61283732356f79,647.0,Fair,0.08565866320571058,83.9,55.7,HIGH,True
4f4b7d323537356d,844.0,Excellent,0.0111731843575419,86.7,55.7,HIGH,True
4f4b7d3733383a6d7b,856.0,Excellent,0.0,80.0,56.8,HIGH,True
4f4b7d3733383a6d7b,856.0,Excellent,0.0,80.0,56.8,HIGH,True
4f4b7d343d33376a7b,673.0,Fair,0.28846153846153844,93.5,53.5,HIGH,True
4f4b7d373430346d75,830.0,Excellent,0.0,83.9,52.0,HIGH,True
4f4b7d373430346d75,771.0,Excellent,0.0,83.9,55.7,HIGH,True
4f4f61283433346b7b,954.0,Excellent,0.02926829268292683,77.4,56.8,MEDIUM,True
4f4f61283433346b7b,954.0,Excellent,0.02926829268292683,77.4,56.8,MEDIUM,True
4f4f61283237316e,909.0,Excellent,0.0,76.7,53.1,MEDIUM,True
4f4b612833383a64,845.0,Excellent,0.0,56.7,53.7,MEDIUM,True
4f4d642833363469,688.0,Fair,0.2251655629139073,83.9,55.6,HIGH,True
4f4b7d343d33376a7b,445.0,Watchful,0.34426229508196715,93.5,57.2,HIGH,True
4f4b7d373d333a6b74,779.0,Excellent,0.054388133498145856,83.9,52.0,HIGH,True
4f4b7d373d333a6b74,542.0,Watchful,0.054388133498145856,83.9,55.7,HIGH,True
4f4b7d373d333a6b74,542.0,Watchful,0.054388133498145856,83.9,55.7,HIGH,True
4f4f61283237316e,900.0,Excellent,0.0,76.7,56.7,MEDIUM,True
4f4b7d363339306d74,761.0,Excellent,0.15903614457831325,83.9,52.0,HIGH,True
4f4b7d373236336f7e,834.0,Excellent,0.0370722433460076,86.7,51.6,HIGH,True
4f4b7d363332376e75,753.0,Excellent,0.08565866320571058,93.3,52.1,HIGH,True
4f4b7d333d393668,785.0,Excellent,0.0111731843575419,83.9,52.0,HIGH,True
4f4b7d363339306d74,672.0,Fair,0.1331168831168831,83.9,55.7,HIGH,True
4f4b7d363339306d74,672.0,Fair,0.1331168831168831,83.9,55.7,HIGH,True
4f4b7d363332376e75,594.0,Watchful,0.054388133498145856,93.3,55.8,HIGH,True
4f4b7d333d393668,611.0,Fair,0.0111731843575419,83.9,55.7,HIGH,True
